0.01,0,0.93374
0.0100344,0
0.010069,0
0.0101036,0
0.0101384,0
0.0101733,0
0.0102083,0
0.0102435,0
0.0102787,0
0.0103141,0
0.0103496,0
0.0103852,0
0.010421,0
0.0104568,0
0.0104928,0
0.010529,0
0.0105652,0
0.0106016,1
0.0106381,0
0.0106747,1
0.0107114,0
0.0107483,0
0.0107853,0
0.0108224,1
0.0108597,0
0.0108971,0
0.0109346,0
0.0109722,0
0.01101,1
0.0110479,3
0.0110859,4
0.0111241,10
0.0111624,5
0.0112008,5
0.0112393,10
0.011278,6
0.0113168,5
0.0113558,8
0.0113949,7
0.0114341,11
0.0114735,8
0.011513,11
0.0115526,8
0.0115924,7
0.0116323,8
0.0116723,9
0.0117125,8
0.0117528,9
0.0117933,3
0.0118339,10
0.0118746,3
0.0119155,9
0.0119565,2
0.0119976,6
0.0120389,6
0.0120804,2
0.012122,7
0.0121637,6
0.0122056,7
0.0122476,10
0.0122897,2
0.012332,6
0.0123745,5
0.0124171,8
0.0124598,4
0.0125027,7
0.0125458,6
0.0125889,6
0.0126323,10
0.0126758,8
0.0127194,10
0.0127632,9
0.0128071,7
0.0128512,7
0.0128954,7
0.0129398,10
0.0129844,7
0.0130291,5
0.0130739,7
0.0131189,6
0.0131641,7
0.0132094,3
0.0132548,5
0.0133005,6
0.0133463,2
0.0133922,2
0.0134383,4
0.0134846,5
0.013531,5
0.0135775,2
0.0136243,3
0.0136712,4
0.0137182,1
0.0137655,3
0.0138128,7
0.0138604,7
0.0139081,10
0.013956,5
0.014004,3
0.0140522,8
0.0141006,3
0.0141491,6
0.0141978,5
0.0142467,5
0.0142957,3
0.014345,4
0.0143943,2
0.0144439,3
0.0144936,4
0.0145435,2
0.0145936,7
0.0146438,5
0.0146942,1
0.0147448,6
0.0147955,9
0.0148465,5
0.0148976,6
0.0149488,2
0.0150003,1
0.0150519,4
0.0151038,4
0.0151557,2
0.0152079,1
0.0152603,3
0.0153128,1
0.0153655,2
0.0154184,5
0.0154715,4
0.0155247,5
0.0155782,5
0.0156318,4
0.0156856,5
0.0157396,1
0.0157938,2
0.0158481,2
0.0159027,3
0.0159574,4
0.0160124,3
0.0160675,3
0.0161228,3
0.0161783,3
0.016234,4
0.0162898,3
0.0163459,4
0.0164022,4
0.0164586,1
0.0165153,8
0.0165722,8
0.0166292,1
0.0166864,4
0.0167439,1
0.0168015,3
0.0168593,1
0.0169174,1
0.0169756,3
0.0170341,3
0.0170927,2
0.0171515,3
0.0172106,1
0.0172698,2
0.0173293,3
0.0173889,3
0.0174488,1
0.0175088,2
0.0175691,6
0.0176296,1
0.0176903,2
0.0177511,3
0.0178123,3
0.0178736,2
0.0179351,4
0.0179968,1
0.0180588,2
0.0181209,0
0.0181833,1
0.0182459,0
0.0183087,0
0.0183717,0
0.018435,0
0.0184984,2
0.0185621,1
0.018626,3
0.0186901,1
0.0187545,2
0.018819,0
0.0188838,3
0.0189488,3
0.019014,1
0.0190795,1
0.0191451,0
0.019211,3
0.0192772,2
0.0193435,3
0.0194101,1
0.0194769,0
0.019544,1
0.0196112,0
0.0196788,4
0.0197465,0
0.0198145,1
0.0198827,0
0.0199511,3
0.0200198,0
0.0200887,0
0.0201579,1
0.0202272,1
0.0202969,3
0.0203667,0
0.0204368,2
0.0205072,2
0.0205778,1
0.0206486,0
0.0207197,2
0.020791,0
0.0208626,1
0.0209344,3
0.0210065,1
0.0210788,0
0.0211513,1
0.0212241,0
0.0212972,1
0.0213705,0
0.0214441,0
0.0215179,1
0.0215919,0
0.0216663,0
0.0217408,1
0.0218157,0
0.0218908,1
0.0219661,0
0.0220417,0
0.0221176,0
0.0221938,0
0.0222701,2
0.0223468,0
0.0224237,1
0.0225009,0
0.0225784,4
0.0226561,2
0.0227341,2
0.0228123,2
0.0228909,4
0.0229697,1
0.0230487,1
0.0231281,3
0.0232077,3
0.0232876,0
0.0233677,2
0.0234482,1
0.0235289,4
0.0236099,2
0.0236911,1
0.0237727,1
0.0238545,3
0.0239366,2
0.024019,5
0.0241017,6
0.0241847,5
0.0242679,4
0.0243514,5
0.0244353,3
0.0245194,6
0.0246038,4
0.0246885,6
0.0247735,5
0.0248587,3
0.0249443,5
0.0250302,5
0.0251163,6
0.0252028,2
0.0252895,5
0.0253766,5
0.0254639,1
0.0255516,10
0.0256396,6
0.0257278,5
0.0258164,6
0.0259052,2
0.0259944,3
0.0260839,3
0.0261737,1
0.0262638,2
0.0263542,4
0.0264449,5
0.0265359,5
0.0266273,5
0.0267189,4
0.0268109,3
0.0269032,5
0.0269958,2
0.0270887,7
0.027182,4
0.0272755,8
0.0273694,2
0.0274636,4
0.0275582,2
0.027653,3
0.0277482,5
0.0278437,4
0.0279396,1
0.0280357,3
0.0281323,3
0.0282291,3
0.0283263,7
0.0284238,4
0.0285216,1
0.0286198,3
0.0287183,4
0.0288172,3
0.0289164,1
0.0290159,5
0.0291158,2
0.029216,1
0.0293166,3
0.0294175,3
0.0295187,0
0.0296203,2
0.0297223,4
0.0298246,1
0.0299273,2
0.0300303,2
0.0301337,2
0.0302374,2
0.0303415,3
0.0304459,2
0.0305507,4
0.0306559,6
0.0307614,3
0.0308673,5
0.0309735,4
0.0310802,4
0.0311872,1
0.0312945,0
0.0314022,4
0.0315103,3
0.0316188,1
0.0317276,1
0.0318368,4
0.0319464,3
0.0320564,4
0.0321667,3
0.0322775,3
0.0323886,1
0.0325001,2
0.0326119,2
0.0327242,0
0.0328368,2
0.0329499,1
0.0330633,0
0.0331771,2
0.0332913,0
0.0334059,1
0.0335209,1
0.0336363,1
0.0337521,2
0.0338682,0
0.0339848,2
0.0341018,2
0.0342192,2
0.034337,1
0.0344552,2
0.0345738,3
0.0346928,2
0.0348122,2
0.034932,3
0.0350523,3
0.035173,4
0.035294,1
0.0354155,0
0.0355374,6
0.0356597,0
0.0357825,4
0.0359057,1
0.0360293,3
0.0361533,4
0.0362777,3
0.0364026,2
0.0365279,1
0.0366537,2
0.0367798,4
0.0369064,2
0.0370335,3
0.0371609,0
0.0372889,0
0.0374172,0
0.037546,4
0.0376753,4
0.0378049,7
0.0379351,4
0.0380657,5
0.0381967,5
0.0383282,2
0.0384601,2
0.0385925,1
0.0387253,1
0.0388586,4
0.0389924,6
0.0391266,1
0.0392613,1
0.0393965,2
0.0395321,3
0.0396681,4
0.0398047,3
0.0399417,3
0.0400792,1
0.0402172,6
0.0403556,3
0.0404945,3
0.0406339,2
0.0407738,1
0.0409141,2
0.041055,2
0.0411963,5
0.0413381,0
0.0414804,7
0.0416232,2
0.0417664,6
0.0419102,1
0.0420545,2
0.0421992,5
0.0423445,1
0.0424903,2
0.0426365,2
0.0427833,0
0.0429306,3
0.0430783,2
0.0432266,2
0.0433754,5
0.0435247,1
0.0436745,3
0.0438249,5
0.0439757,1
0.0441271,3
0.044279,2
0.0444314,1
0.0445844,3
0.0447378,2
0.0448918,3
0.0450464,2
0.0452014,1
0.045357,3
0.0455131,1
0.0456698,3
0.045827,2
0.0459848,2
0.0461431,5
0.0463019,0
0.0464613,1
0.0466212,1
0.0467817,1
0.0469427,3
0.0471043,1
0.0472664,4
0.0474291,3
0.0475924,1
0.0477562,3
0.0479206,1
0.0480856,4
0.0482511,4
0.0484172,1
0.0485839,2
0.0487511,4
0.0489189,3
0.0490873,1
0.0492563,3
0.0494258,0
0.0495959,2
0.0497667,1
0.049938,2
0.0501099,2
0.0502824,0
0.0504554,2
0.0506291,4
0.0508034,2
0.0509783,0
0.0511538,3
0.0513298,3
0.0515065,0
0.0516838,1
0.0518617,2
0.0520403,5
0.0522194,1
0.0523991,5
0.0525795,3
0.0527605,1
0.0529421,4
0.0531244,3
0.0533072,1
0.0534907,2
0.0536748,4
0.0538596,4
0.054045,4
0.054231,5
0.0544177,4
0.054605,4
0.054793,2
0.0549816,3
0.0551709,1
0.0553608,3
0.0555513,4
0.0557426,4
0.0559344,2
0.056127,5
0.0563202,1
0.056514,1
0.0567086,2
0.0569038,4
0.0570997,5
0.0572962,1
0.0574934,2
0.0576913,4
0.0578899,1
0.0580892,2
0.0582892,2
0.0584898,3
0.0586911,2
0.0588932,2
0.0590959,0
0.0592993,4
0.0595034,1
0.0597083,2
0.0599138,2
0.06012,3
0.060327,1
0.0605346,1
0.060743,5
0.0609521,3
0.0611619,1
0.0613724,5
0.0615837,1
0.0617957,3
0.0620084,2
0.0622218,4
0.062436,2
0.0626509,3
0.0628666,1
0.063083,0
0.0633001,2
0.063518,2
0.0637367,1
0.0639561,2
0.0641762,4
0.0643971,0
0.0646188,3
0.0648412,1
0.0650644,0
0.0652884,3
0.0655131,3
0.0657387,1
0.0659649,4
0.066192,0
0.0664199,1
0.0666485,4
0.0668779,2
0.0671081,2
0.0673391,0
0.0675709,1
0.0678035,2
0.0680369,6
0.0682711,1
0.0685061,2
0.0687419,1
0.0689785,1
0.069216,1
0.0694542,3
0.0696933,2
0.0699332,1
0.0701739,1
0.0704155,4
0.0706579,3
0.0709011,3
0.0711452,6
0.0713901,0
0.0716358,1
0.0718824,4
0.0721298,4
0.0723781,2
0.0726273,2
0.0728773,2
0.0731281,2
0.0733798,2
0.0736324,3
0.0738859,1
0.0741402,1
0.0743954,2
0.0746515,2
0.0749085,5
0.0751663,2
0.0754251,4
0.0756847,1
0.0759452,1
0.0762067,4
0.076469,2
0.0767322,2
0.0769963,4
0.0772614,2
0.0775273,0
0.0777942,4
0.078062,4
0.0783307,2
0.0786003,0
0.0788709,0
0.0791424,3
0.0794148,3
0.0796882,3
0.0799625,0
0.0802377,3
0.0805139,2
0.080791,2
0.0810692,3
0.0813482,5
0.0816282,2
0.0819092,1
0.0821912,2
0.0824741,0
0.082758,1
0.0830428,4
0.0833287,1
0.0836155,3
0.0839034,1
0.0841922,2
0.084482,4
0.0847728,2
0.0850646,1
0.0853574,0
0.0856512,2
0.0859461,2
0.0862419,2
0.0865388,1
0.0868367,3
0.0871356,0
0.0874355,4
0.0877365,1
0.0880385,2
0.0883415,1
0.0886456,2
0.0889508,3
0.089257,1
0.0895642,1
0.0898725,3
0.0901819,3
0.0904923,2
0.0908038,1
0.0911164,3
0.09143,1
0.0917447,3
0.0920605,2
0.0923774,6
0.0926954,1
0.0930145,2
0.0933347,0
0.0936559,1
0.0939783,3
0.0943018,3
0.0946264,4
0.0949522,2
0.095279,2
0.095607,1
0.0959361,4
0.0962663,2
0.0965977,2
0.0969302,4
0.0972638,6
0.0975986,3
0.0979346,3
0.0982717,1
0.09861,0
0.0989494,5
0.09929,8
0.0996318,1
0.0999748,3
0.100319,3
0.100664,0
0.101011,2
0.101358,1
0.101707,2
0.102057,1
0.102409,1
0.102761,2
0.103115,2
0.10347,2
0.103826,2
0.104183,1
0.104542,3
0.104902,0
0.105263,2
0.105625,1
0.105989,2
0.106354,2
0.10672,2
0.107087,2
0.107456,4
0.107826,1
0.108197,5
0.108569,2
0.108943,4
0.109318,4
0.109694,1
0.110072,0
0.110451,0
0.110831,3
0.111213,2
0.111595,3
0.11198,2
0.112365,1
0.112752,2
0.11314,3
0.113529,7
0.11392,6
0.114312,4
0.114706,0
0.115101,3
0.115497,1
0.115894,4
0.116293,3
0.116694,6
0.117095,5
0.117498,2
0.117903,5
0.118309,4
0.118716,0
0.119125,3
0.119535,5
0.119946,2
0.120359,3
0.120773,2
0.121189,4
0.121606,5
0.122025,2
0.122445,2
0.122866,1
0.123289,3
0.123714,4
0.124139,1
0.124567,5
0.124996,3
0.125426,2
0.125858,1
0.126291,4
0.126726,3
0.127162,1
0.127599,2
0.128039,0
0.128479,0
0.128922,4
0.129365,4
0.129811,4
0.130258,2
0.130706,3
0.131156,1
0.131607,3
0.13206,7
0.132515,3
0.132971,2
0.133429,3
0.133888,4
0.134349,1
0.134811,1
0.135276,1
0.135741,0
0.136208,0
0.136677,1
0.137148,1
0.13762,0
0.138094,1
0.138569,2
0.139046,3
0.139525,5
0.140005,1
0.140487,3
0.14097,7
0.141456,1
0.141943,2
0.142431,0
0.142921,2
0.143413,2
0.143907,0
0.144402,3
0.144899,3
0.145398,2
0.145899,2
0.146401,3
0.146905,2
0.147411,0
0.147918,3
0.148427,2
0.148938,4
0.149451,6
0.149965,5
0.150481,3
0.150999,2
0.151519,0
0.152041,5
0.152564,4
0.153089,3
0.153616,1
0.154145,3
0.154676,4
0.155208,4
0.155742,4
0.156278,5
0.156816,5
0.157356,4
0.157898,3
0.158441,4
0.158987,7
0.159534,3
0.160083,4
0.160634,1
0.161187,2
0.161742,3
0.162299,3
0.162857,4
0.163418,2
0.163981,3
0.164545,6
0.165111,6
0.16568,3
0.16625,5
0.166822,2
0.167397,1
0.167973,2
0.168551,3
0.169131,3
0.169713,3
0.170298,3
0.170884,2
0.171472,1
0.172062,3
0.172654,6
0.173249,0
0.173845,2
0.174444,6
0.175044,2
0.175647,3
0.176251,2
0.176858,3
0.177467,5
0.178078,1
0.178691,5
0.179306,10
0.179923,1
0.180542,2
0.181164,6
0.181787,4
0.182413,5
0.183041,4
0.183671,0
0.184303,4
0.184938,3
0.185574,4
0.186213,4
0.186854,4
0.187497,4
0.188143,4
0.18879,4
0.18944,3
0.190092,4
0.190747,2
0.191403,4
0.192062,4
0.192723,3
0.193387,1
0.194052,4
0.19472,4
0.19539,5
0.196063,4
0.196738,10
0.197415,5
0.198095,3
0.198777,2
0.199461,2
0.200147,6
0.200836,2
0.201528,1
0.202221,2
0.202917,7
0.203616,6
0.204317,7
0.20502,2
0.205726,2
0.206434,2
0.207145,5
0.207858,8
0.208573,3
0.209291,1
0.210012,3
0.210734,6
0.21146,2
0.212188,3
0.212918,5
0.213651,4
0.214386,6
0.215124,2
0.215865,6
0.216608,4
0.217354,4
0.218102,1
0.218853,3
0.219606,2
0.220362,3
0.22112,2
0.221882,1
0.222645,4
0.223412,4
0.224181,4
0.224952,5
0.225727,3
0.226504,3
0.227283,6
0.228066,4
0.228851,1
0.229639,5
0.230429,3
0.231222,7
0.232018,2
0.232817,2
0.233618,4
0.234422,1
0.235229,5
0.236039,6
0.236852,0
0.237667,3
0.238485,0
0.239306,2
0.24013,4
0.240956,4
0.241786,2
0.242618,5
0.243453,3
0.244291,4
0.245132,4
0.245976,8
0.246822,2
0.247672,3
0.248525,1
0.24938,4
0.250239,6
0.2511,6
0.251964,2
0.252832,7
0.253702,3
0.254575,6
0.255452,2
0.256331,5
0.257213,1
0.258099,6
0.258987,3
0.259878,4
0.260773,4
0.261671,1
0.262571,4
0.263475,3
0.264382,2
0.265292,5
0.266205,5
0.267122,3
0.268041,1
0.268964,7
0.26989,5
0.270819,5
0.271751,5
0.272686,1
0.273625,2
0.274567,4
0.275512,3
0.27646,12
0.277412,5
0.278367,7
0.279325,4
0.280287,5
0.281252,6
0.28222,3
0.283191,3
0.284166,9
0.285144,8
0.286126,5
0.287111,2
0.288099,4
0.289091,7
0.290086,2
0.291084,5
0.292086,4
0.293092,3
0.294101,3
0.295113,6
0.296129,4
0.297148,5
0.298171,6
0.299197,2
0.300227,5
0.301261,6
0.302298,8
0.303338,6
0.304382,5
0.30543,4
0.306482,6
0.307536,6
0.308595,4
0.309657,8
0.310723,3
0.311793,5
0.312866,6
0.313943,5
0.315024,6
0.316108,3
0.317196,4
0.318288,3
0.319384,2
0.320483,5
0.321586,6
0.322693,5
0.323804,5
0.324919,5
0.326037,3
0.327159,4
0.328286,1
0.329416,5
0.330549,5
0.331687,4
0.332829,4
0.333975,5
0.335124,9
0.336278,4
0.337435,3
0.338597,2
0.339763,6
0.340932,5
0.342106,4
0.343283,3
0.344465,4
0.345651,2
0.34684,6
0.348034,3
0.349232,3
0.350434,4
0.351641,2
0.352851,8
0.354066,3
0.355285,9
0.356508,7
0.357735,5
0.358966,4
0.360202,4
0.361442,5
0.362686,7
0.363934,7
0.365187,3
0.366444,7
0.367705,7
0.368971,5
0.370241,5
0.371516,2
0.372795,9
0.374078,2
0.375365,3
0.376658,3
0.377954,4
0.379255,7
0.380561,7
0.381871,6
0.383185,8
0.384504,5
0.385828,5
0.387156,5
0.388488,5
0.389826,6
0.391168,7
0.392514,4
0.393865,3
0.395221,5
0.396581,6
0.397946,4
0.399316,2
0.400691,4
0.40207,8
0.403454,5
0.404843,5
0.406236,5
0.407635,5
0.409038,4
0.410446,7
0.411859,5
0.413277,5
0.414699,9
0.416127,4
0.417559,5
0.418996,3
0.420439,7
0.421886,6
0.423338,9
0.424795,6
0.426258,8
0.427725,5
0.429197,4
0.430675,4
0.432157,5
0.433645,7
0.435137,4
0.436635,5
0.438138,5
0.439646,6
0.44116,5
0.442678,5
0.444202,10
0.445731,8
0.447265,8
0.448805,5
0.45035,12
0.4519,3
0.453456,4
0.455017,7
0.456583,4
0.458155,7
0.459732,4
0.461314,7
0.462902,5
0.464495,3
0.466094,7
0.467699,4
0.469309,6
0.470924,5
0.472545,9
0.474172,8
0.475804,7
0.477442,7
0.479085,5
0.480734,6
0.482389,7
0.48405,10
0.485716,6
0.487388,3
0.489066,7
0.490749,9
0.492438,7
0.494133,5
0.495834,6
0.497541,11
0.499254,4
0.500972,12
0.502697,9
0.504427,9
0.506164,7
0.507906,10
0.509654,5
0.511409,1
0.513169,7
0.514935,5
0.516708,4
0.518486,3
0.520271,8
0.522062,1
0.523859,7
0.525662,8
0.527472,5
0.529288,9
0.531109,8
0.532938,3
0.534772,6
0.536613,5
0.53846,5
0.540314,9
0.542174,5
0.54404,10
0.545913,5
0.547792,9
0.549677,6
0.551569,5
0.553468,10
0.555373,4
0.557285,5
0.559203,4
0.561128,11
0.56306,10
0.564998,4
0.566943,10
0.568894,8
0.570853,9
0.572818,7
0.574789,6
0.576768,3
0.578753,2
0.580745,7
0.582744,3
0.58475,7
0.586763,6
0.588783,4
0.59081,7
0.592843,6
0.594884,5
0.596932,8
0.598987,2
0.601049,5
0.603117,8
0.605194,9
0.607277,6
0.609367,6
0.611465,2
0.61357,9
0.615682,4
0.617801,8
0.619927,9
0.622061,9
0.624203,7
0.626351,10
0.628507,8
0.630671,14
0.632842,11
0.63502,9
0.637206,11
0.639399,4
0.6416,1
0.643809,7
0.646025,7
0.648249,6
0.65048,8
0.652719,10
0.654966,8
0.657221,4
0.659483,5
0.661753,10
0.664031,6
0.666317,10
0.66861,7
0.670912,5
0.673221,13
0.675539,3
0.677864,8
0.680197,11
0.682539,9
0.684888,8
0.687246,12
0.689611,7
0.691985,7
0.694367,6
0.696757,9
0.699156,11
0.701562,9
0.703977,10
0.706401,3
0.708832,11
0.711272,10
0.713721,7
0.716177,8
0.718643,6
0.721116,8
0.723599,5
0.726089,6
0.728589,9
0.731097,8
0.733613,7
0.736139,17
0.738673,9
0.741215,5
0.743767,7
0.746327,3
0.748896,6
0.751474,6
0.754061,12
0.756656,8
0.759261,13
0.761874,12
0.764497,9
0.767128,10
0.769769,7
0.772419,6
0.775078,14
0.777746,7
0.780423,17
0.783109,7
0.785805,10
0.78851,12
0.791224,15
0.793948,6
0.79668,11
0.799423,7
0.802175,8
0.804936,7
0.807707,9
0.810487,9
0.813277,8
0.816076,7
0.818885,9
0.821704,11
0.824533,12
0.827371,8
0.830219,8
0.833077,8
0.835944,9
0.838822,12
0.841709,14
0.844607,14
0.847514,7
0.850431,10
0.853359,9
0.856296,9
0.859244,13
0.862201,3
0.865169,17
0.868147,13
0.871136,9
0.874135,9
0.877143,13
0.880163,7
0.883193,7
0.886233,8
0.889283,15
0.892344,9
0.895416,9
0.898498,8
0.901591,13
0.904695,11
0.907809,14
0.910934,11
0.914069,11
0.917216,11
0.920373,8
0.923541,7
0.92672,9
0.92991,14
0.933111,10
0.936323,15
0.939546,8
0.94278,7
0.946026,12
0.949282,6
0.95255,12
0.955829,10
0.959119,15
0.96242,13
0.965733,15
0.969057,12
0.972393,11
0.97574,14
0.979099,17
0.982469,13
0.985851,8
0.989245,8
0.99265,13
0.996067,9
0.999495,10
1.00294,11
1.00639,14
1.00985,12
1.01333,7
1.01682,9
1.02032,9
1.02383,10
1.02735,10
1.03089,17
1.03444,9
1.038,7
1.04157,5
1.04516,9
1.04876,8
1.05237,14
1.05599,11
1.05962,11
1.06327,9
1.06693,12
1.0706,16
1.07429,14
1.07799,14
1.0817,14
1.08542,8
1.08916,16
1.09291,18
1.09667,16
1.10044,7
1.10423,10
1.10803,12
1.11185,12
1.11567,12
1.11951,7
1.12337,15
1.12723,6
1.13111,17
1.13501,10
1.13891,12
1.14283,22
1.14677,15
1.15072,10
1.15468,9
1.15865,18
1.16264,13
1.16664,11
1.17066,10
1.17469,13
1.17873,12
1.18279,15
1.18686,15
1.19095,8
1.19505,12
1.19916,11
1.20329,13
1.20743,10
1.21158,10
1.21576,17
1.21994,14
1.22414,16
1.22835,14
1.23258,13
1.23682,14
1.24108,17
1.24535,13
1.24964,16
1.25394,16
1.25826,12
1.26259,15
1.26694,13
1.2713,6
1.27567,11
1.28006,7
1.28447,11
1.28889,16
1.29333,10
1.29778,12
1.30225,15
1.30673,11
1.31123,14
1.31574,11
1.32027,15
1.32482,7
1.32938,12
1.33395,9
1.33854,13
1.34315,15
1.34777,15
1.35241,17
1.35707,15
1.36174,19
1.36643,15
1.37113,20
1.37585,17
1.38059,14
1.38534,7
1.39011,21
1.39489,15
1.3997,15
1.40451,19
1.40935,11
1.4142,15
1.41907,17
1.42395,19
1.42885,16
1.43377,16
1.43871,18
1.44366,14
1.44863,16
1.45362,12
1.45862,22
1.46364,15
1.46868,14
1.47373,17
1.47881,19
1.4839,15
1.48901,11
1.49413,17
1.49927,21
1.50443,16
1.50961,19
1.51481,8
1.52002,20
1.52526,16
1.53051,16
1.53577,12
1.54106,9
1.54637,19
1.55169,14
1.55703,16
1.56239,11
1.56777,13
1.57316,14
1.57858,17
1.58401,18
1.58947,13
1.59494,20
1.60043,10
1.60594,21
1.61146,15
1.61701,20
1.62258,15
1.62816,16
1.63377,14
1.63939,15
1.64503,18
1.6507,14
1.65638,17
1.66208,25
1.6678,26
1.67354,13
1.6793,19
1.68508,22
1.69088,17
1.69671,10
1.70255,21
1.70841,15
1.71429,14
1.72019,18
1.72611,18
1.73205,16
1.73801,24
1.744,18
1.75,15
1.75602,26
1.76207,17
1.76813,13
1.77422,13
1.78033,12
1.78645,18
1.7926,19
1.79877,21
1.80497,18
1.81118,20
1.81741,30
1.82367,22
1.82995,16
1.83625,17
1.84257,20
1.84891,19
1.85527,16
1.86166,28
1.86807,15
1.8745,18
1.88095,19
1.88743,15
1.89392,16
1.90044,16
1.90698,17
1.91355,23
1.92014,21
1.92674,24
1.93338,16
1.94003,18
1.94671,23
1.95341,26
1.96014,23
1.96688,19
1.97365,21
1.98045,17
1.98726,15
1.9941,16
2.00097,22
2.00786,15
2.01477,19
2.0217,9
2.02866,17
2.03565,21
2.04265,17
2.04968,18
2.05674,27
2.06382,21
2.07092,29
2.07805,15
2.08521,30
2.09238,24
2.09959,18
2.10681,21
2.11406,25
2.12134,21
2.12864,24
2.13597,12
2.14332,15
2.1507,19
2.1581,15
2.16553,20
2.17299,19
2.18047,16
2.18797,20
2.19551,17
2.20306,20
2.21065,22
2.21826,23
2.22589,21
2.23355,16
2.24124,19
2.24896,25
2.2567,22
2.26447,27
2.27226,20
2.28008,17
2.28793,21
2.29581,20
2.30371,24
2.31164,25
2.3196,18
2.32758,18
2.33559,22
2.34363,19
2.3517,24
2.3598,26
2.36792,23
2.37607,21
2.38425,27
2.39245,25
2.40069,23
2.40895,21
2.41725,29
2.42557,27
2.43392,25
2.44229,24
2.4507,17
2.45914,23
2.4676,17
2.4761,24
2.48462,27
2.49317,23
2.50175,24
2.51037,28
2.51901,33
2.52768,34
2.53638,22
2.54511,34
2.55387,22
2.56266,26
2.57148,14
2.58033,28
2.58922,30
2.59813,20
2.60707,23
2.61605,25
2.62505,20
2.63409,21
2.64315,24
2.65225,32
2.66138,21
2.67054,29
2.67974,28
2.68896,25
2.69822,22
2.7075,29
2.71682,29
2.72618,31
2.73556,32
2.74498,30
2.75443,29
2.76391,26
2.77342,22
2.78297,37
2.79255,37
2.80216,28
2.81181,21
2.82148,19
2.8312,25
2.84094,30
2.85072,16
2.86053,31
2.87038,28
2.88026,25
2.89018,19
2.90012,17
2.91011,29
2.92013,19
2.93018,31
2.94026,28
2.95038,29
2.96054,27
2.97073,24
2.98096,25
2.99122,21
3.00151,25
3.01185,26
3.02221,16
3.03262,29
3.04306,32
3.05353,21
3.06404,30
3.07459,19
3.08517,34
3.09579,23
3.10645,21
3.11714,16
3.12787,38
3.13864,26
3.14944,13
3.16028,20
3.17116,21
3.18208,27
3.19303,23
3.20402,37
3.21505,27
3.22612,31
3.23722,24
3.24837,31
3.25955,22
3.27077,22
3.28203,24
3.29332,32
3.30466,42
3.31604,27
3.32745,26
3.3389,26
3.3504,30
3.36193,33
3.3735,32
3.38512,26
3.39677,32
3.40846,35
3.42019,26
3.43197,29
3.44378,26
3.45563,28
3.46753,32
3.47947,27
3.49144,26
3.50346,27
3.51552,18
3.52762,38
3.53976,34
3.55195,27
3.56418,23
3.57644,26
3.58876,29
3.60111,36
3.6135,27
3.62594,31
3.63842,31
3.65095,26
3.66352,41
3.67613,33
3.68878,35
3.70148,36
3.71422,26
3.72701,31
3.73983,40
3.75271,28
3.76563,28
3.77859,21
3.79159,38
3.80465,35
3.81774,35
3.83088,29
3.84407,27
3.8573,33
3.87058,31
3.8839,37
3.89727,27
3.91069,35
3.92415,43
3.93766,37
3.95121,33
3.96481,25
3.97846,32
3.99216,34
4.0059,36
4.01969,36
4.03352,22
4.04741,42
4.06134,44
4.07532,47
4.08935,36
4.10342,28
4.11755,36
4.13172,34
4.14595,30
4.16022,40
4.17454,36
4.18891,38
4.20333,29
4.21779,35
4.23231,37
4.24688,52
4.2615,38
4.27617,40
4.29089,36
4.30566,32
4.32048,38
4.33535,40
4.35028,34
4.36525,39
4.38028,29
4.39535,38
4.41048,32
4.42567,45
4.4409,42
4.45619,36
4.47153,35
4.48692,44
4.50236,25
4.51786,30
4.53341,35
4.54902,37
4.56468,38
4.58039,31
4.59616,39
4.61198,19
4.62785,33
4.64378,37
4.65977,39
4.67581,52
4.6919,32
4.70805,45
4.72426,36
4.74052,34
4.75684,52
4.77321,40
4.78964,36
4.80613,31
4.82268,34
4.83928,31
4.85593,39
4.87265,45
4.88942,32
4.90625,35
4.92314,43
4.94009,34
4.95709,38
4.97416,35
4.99128,31
5.00846,46
5.0257,41
5.043,34
5.06036,37
5.07778,29
5.09526,30
5.11279,45
5.13039,37
5.14805,47
5.16578,39
5.18356,35
5.2014,45
5.2193,32
5.23727,43
5.2553,34
5.27339,47
5.29154,42
5.30976,45
5.32803,36
5.34637,46
5.36478,41
5.38324,38
5.40177,50
5.42037,28
5.43903,49
5.45775,37
5.47653,51
5.49539,40
5.5143,48
5.53328,41
5.55233,32
5.57144,38
5.59062,37
5.60987,33
5.62918,49
5.64855,46
5.668,46
5.68751,38
5.70708,30
5.72673,34
5.74644,28
5.76622,49
5.78607,55
5.80599,38
5.82597,50
5.84603,46
5.86615,39
5.88634,41
5.90661,42
5.92694,39
5.94734,45
5.96781,42
5.98836,33
6.00897,35
6.02965,38
6.05041,43
6.07124,32
6.09213,37
6.1131,47
6.13415,43
6.15526,30
6.17645,50
6.19771,45
6.21904,37
6.24045,38
6.26193,37
6.28349,47
6.30512,44
6.32682,47
6.3486,55
6.37045,46
6.39238,45
6.41439,50
6.43647,43
6.45862,40
6.48085,37
6.50316,54
6.52555,38
6.54801,51
6.57055,45
6.59317,45
6.61586,40
6.63863,53
6.66149,45
6.68442,40
6.70743,47
6.73051,50
6.75368,47
6.77693,53
6.80026,32
6.82367,58
6.84715,46
6.87072,52
6.89437,50
6.91811,55
6.94192,63
6.96582,57
6.98979,48
7.01385,52
7.038,40
7.06222,46
7.08653,43
7.11093,47
7.13541,54
7.15997,55
7.18461,48
7.20934,38
7.23416,53
7.25906,50
7.28405,44
7.30912,44
7.33428,42
7.35953,36
7.38486,46
7.41028,34
7.43579,38
7.46139,48
7.48707,49
7.51284,47
7.5387,53
7.56465,45
7.59069,60
7.61682,56
7.64304,40
7.66935,53
7.69575,61
7.72224,47
7.74882,45
7.77549,43
7.80226,58
7.82912,64
7.85607,59
7.88311,60
7.91024,52
7.93747,54
7.96479,51
7.99221,61
8.01972,57
8.04733,63
8.07503,52
8.10283,54
8.13072,55
8.1587,39
8.18679,62
8.21497,52
8.24325,54
8.27162,66
8.3001,72
8.32867,43
8.35734,51
8.3861,57
8.41497,59
8.44394,44
8.473,47
8.50217,54
8.53143,53
8.5608,55
8.59027,71
8.61984,58
8.64951,61
8.67928,50
8.70916,52
8.73914,60
8.76922,50
8.79941,63
8.8297,56
8.86009,57
8.89059,47
8.92119,54
8.9519,51
8.98272,60
9.01364,48
9.04466,51
9.0758,51
9.10704,60
9.13839,55
9.16984,52
9.20141,53
9.23308,52
9.26486,65
9.29676,61
9.32876,48
9.36087,60
9.39309,65
9.42542,57
9.45787,54
9.49042,54
9.52309,72
9.55587,64
9.58877,64
9.62177,64
9.65489,65
9.68813,50
9.72148,60
9.75494,63
9.78852,64
9.82221,59
9.85602,46
9.88995,61
9.92399,68
9.95816,69
9.99243,62
10.0268,72
10.0613,60
10.096,68
10.1307,58
10.1656,52
10.2006,72
10.2357,67
10.2709,65
10.3063,59
10.3418,59
10.3774,59
10.4131,64
10.4489,67
10.4849,59
10.521,72
10.5572,54
10.5936,62
10.63,59
10.6666,63
10.7033,58
10.7402,73
10.7771,61
10.8142,66
10.8515,78
10.8888,62
10.9263,74
10.9639,74
11.0016,73
11.0395,53
11.0775,75
11.1156,63
11.1539,74
11.1923,82
11.2308,57
11.2695,70
11.3083,83
11.3472,62
11.3863,60
11.4255,82
11.4648,61
11.5043,88
11.5439,76
11.5836,77
11.6235,72
11.6635,69
11.7036,67
11.7439,58
11.7843,63
11.8249,70
11.8656,68
11.9065,61
11.9474,98
11.9886,79
12.0298,97
12.0712,82
12.1128,66
12.1545,83
12.1963,65
12.2383,77
12.2804,75
12.3227,77
12.3651,78
12.4077,72
12.4504,83
12.4933,74
12.5363,66
12.5794,81
12.6227,86
12.6662,68
12.7098,81
12.7535,75
12.7974,94
12.8415,62
12.8857,82
12.93,79
12.9745,75
13.0192,98
13.064,86
13.109,71
13.1541,80
13.1994,80
13.2448,67
13.2904,84
13.3362,81
13.3821,94
13.4281,87
13.4743,87
13.5207,80
13.5673,78
13.614,81
13.6608,85
13.7079,90
13.755,78
13.8024,101
13.8499,97
13.8976,94
13.9454,60
13.9934,80
14.0416,85
14.0899,89
14.1384,84
14.1871,97
14.2359,89
14.2849,112
14.3341,98
14.3834,88
14.433,77
14.4826,100
14.5325,95
14.5825,88
14.6327,102
14.6831,83
14.7336,87
14.7843,104
14.8352,88
14.8863,91
14.9375,90
14.989,103
15.0406,91
15.0923,94
15.1443,106
15.1964,98
15.2487,95
15.3012,100
15.3539,99
15.4067,95
15.4598,103
15.513,98
15.5664,81
15.62,81
15.6737,91
15.7277,97
15.7818,112
15.8361,109
15.8907,99
15.9454,111
16.0002,86
16.0553,126
16.1106,109
16.166,100
16.2217,112
16.2775,133
16.3336,92
16.3898,99
16.4462,101
16.5028,95
16.5596,118
16.6166,88
16.6738,105
16.7312,124
16.7888,112
16.8466,108
16.9046,99
16.9628,110
17.0212,106
17.0798,102
17.1385,111
17.1975,112
17.2567,110
17.3161,118
17.3757,133
17.4356,106
17.4956,116
17.5558,120
17.6162,108
17.6769,106
17.7377,147
17.7988,103
17.86,104
17.9215,112
17.9832,134
18.0451,111
18.1072,117
18.1696,115
18.2321,120
18.2949,119
18.3578,132
18.421,115
18.4844,118
18.5481,144
18.6119,138
18.676,123
18.7403,128
18.8048,128
18.8695,145
18.9345,119
18.9996,149
19.065,132
19.1307,111
19.1965,126
19.2626,135
19.3289,154
19.3954,142
19.4622,115
19.5292,112
19.5964,124
19.6639,142
19.7316,145
19.7995,143
19.8676,133
19.936,123
20.0046,142
20.0735,140
20.1426,147
20.2119,158
20.2815,159
20.3513,134
20.4214,133
20.4917,142
20.5622,149
20.633,142
20.704,157
20.7753,138
20.8468,152
20.9186,131
20.9906,152
21.0628,135
21.1353,166
21.2081,162
21.2811,162
21.3543,164
21.4278,174
21.5016,150
21.5756,153
21.6499,161
21.7244,180
21.7992,155
21.8742,186
21.9495,154
22.0251,137
22.1009,164
22.177,165
22.2533,187
22.3299,166
22.4068,160
22.4839,153
22.5613,196
22.6389,146
22.7169,173
22.7951,191
22.8735,144
22.9523,155
23.0313,183
23.1106,154
23.1901,177
23.2699,173
23.35,183
23.4304,180
23.5111,175
23.592,193
23.6732,165
23.7547,186
23.8365,202
23.9185,195
24.0008,196
24.0835,183
24.1664,169
24.2496,207
24.333,179
24.4168,188
24.5008,192
24.5852,193
24.6698,170
24.7547,209
24.8399,205
24.9254,219
25.0112,213
25.0973,190
25.1837,208
25.2704,200
25.3574,201
25.4447,231
25.5323,227
25.6202,194
25.7083,196
25.7968,214
25.8856,221
25.9747,208
26.0641,215
26.1539,196
26.2439,208
26.3342,235
26.4249,226
26.5158,203
26.6071,218
26.6987,258
26.7906,221
26.8828,205
26.9754,223
27.0682,236
27.1614,216
27.2549,211
27.3487,207
27.4428,233
27.5373,215
27.6321,269
27.7272,255
27.8227,212
27.9184,216
28.0145,246
28.111,260
28.2077,262
28.3048,266
28.4023,255
28.5,234
28.5981,245
28.6966,278
28.7954,221
28.8945,242
28.9939,259
29.0937,257
29.1939,255
29.2944,249
29.3952,279
29.4964,270
29.5979,260
29.6998,254
29.802,270
29.9046,289
30.0076,275
30.1109,270
30.2145,273
30.3185,270
30.4229,265
30.5276,296
30.6327,288
30.7381,320
30.8439,282
30.9501,281
31.0566,317
31.1636,289
31.2708,304
31.3785,283
31.4865,276
31.5949,292
31.7036,288
31.8128,345
31.9223,318
32.0321,327
32.1424,310
32.253,300
32.3641,330
32.4755,304
32.5873,334
32.6994,323
32.812,335
32.9249,368
33.0383,322
33.152,316
33.2661,340
33.3806,326
33.4955,340
33.6108,327
33.7265,328
33.8426,356
33.9591,366
34.076,356
34.1933,333
34.311,351
34.4291,374
34.5476,331
34.6665,364
34.7859,364
34.9056,358
35.0258,354
35.1463,381
35.2673,362
35.3887,367
35.5105,356
35.6328,354
35.7554,364
35.8785,385
36.002,381
36.1259,352
36.2503,411
36.3751,391
36.5003,389
36.6259,387
36.752,444
36.8785,382
37.0054,365
37.1328,404
37.2606,430
37.3889,427
37.5176,397
37.6468,422
37.7763,413
37.9064,382
38.0369,446
38.1678,427
38.2992,405
38.431,419
38.5633,420
38.696,421
38.8292,423
38.9629,452
39.097,417
39.2316,434
39.3666,416
39.5022,445
39.6381,435
39.7746,424
39.9115,516
40.0489,434
40.1867,451
40.3251,448
40.4639,475
40.6032,484
40.7429,484
40.8832,490
41.0239,473
41.1651,491
41.3068,477
41.449,501
41.5917,422
41.7348,481
41.8785,511
42.0227,466
42.1673,495
42.3125,508
42.4581,507
42.6043,484
42.7509,505
42.8981,498
43.0457,519
43.1939,504
43.3426,529
43.4918,552
43.6415,524
43.7917,571
43.9425,544
44.0937,512
44.2455,557
44.3978,554
44.5506,540
44.704,607
44.8579,545
45.0123,601
45.1672,577
45.3227,560
45.4787,575
45.6353,631
45.7923,586
45.95,579
46.1081,515
46.2669,596
46.4261,654
46.5859,589
46.7463,623
46.9072,574
47.0687,648
47.2307,637
47.3933,652
47.5564,587
47.7201,604
47.8844,631
48.0492,627
48.2146,653
48.3806,670
48.5471,653
48.7142,682
48.8819,663
49.0501,690
49.219,689
49.3884,674
49.5584,648
49.729,721
49.9002,682
50.072,742
50.2443,735
50.4173,713
50.5908,685
50.765,709
50.9397,738
51.1151,712
51.291,715
51.4676,748
51.6447,727
51.8225,791
52.0009,741
52.1799,753
52.3595,765
52.5397,775
52.7206,725
52.9021,820
53.0842,797
53.2669,776
53.4502,775
53.6342,811
53.8188,822
54.0041,844
54.19,779
54.3765,832
54.5637,826
54.7515,879
54.94,757
55.1291,850
55.3189,866
55.5093,863
55.7004,860
55.8921,895
56.0845,912
56.2776,921
56.4713,895
56.6657,957
56.8607,946
57.0565,944
57.2529,995
57.4499,910
57.6477,1015
57.8461,995
58.0452,965
58.245,1047
58.4455,978
58.6467,978
58.8486,1003
59.0512,994
59.2544,1037
59.4584,1048
59.6631,1036
59.8684,1055
60.0745,1012
60.2813,1110
60.4888,1044
60.697,1131
60.906,1191
61.1156,1351
61.326,224
61.5371,0
61.7489,0
61.9615,0
62.1748,0
62.3888,0
62.6035,0
62.819,0
63.0353,0
63.2522,0
63.47,0
63.6885,0
63.9077,0
64.1277,0
64.3484,0
64.5699,0
64.7922,0
65.0152,0
65.239,0
65.4636,0
65.6889,0
65.915,0
66.1419,0
66.3696,0
66.5981,0
66.8273,0
67.0573,0
67.2882,0
67.5198,0
67.7522,0
67.9854,0
68.2194,0
68.4543,0
68.6899,0
68.9264,0
69.1636,0
69.4017,0
69.6406,0
69.8803,0
70.1209,0
70.3622,0
70.6044,0
70.8475,0
71.0913,0
71.336,0
71.5816,0
71.828,0
72.0753,0
72.3234,0
72.5723,0
72.8221,0
73.0728,0
73.3243,0
73.5767,0
73.83,0
74.0841,0
74.3391,0
74.595,0
74.8518,0
75.1095,0
75.368,0
75.6274,0
75.8878,0
76.149,0
76.4111,0
76.6741,0
76.9381,0
77.2029,0
77.4687,0
77.7353,0
78.0029,0
78.2714,0
78.5408,0
78.8112,0
79.0825,0
79.3547,0
79.6279,0
79.902,0
80.177,0
80.453,0
80.7299,0
81.0078,0
81.2867,0
81.5665,0
81.8472,0
82.129,0
82.4117,0
82.6954,0
82.98,0
83.2656,0
83.5523,0
83.8399,0
84.1285,0
84.4181,0
84.7086,0
85.0002,0
85.2928,0
85.5864,0
85.881,0
86.1767,0
86.4733,0
86.771,0
87.0696,0
87.3693,0
87.6701,0
87.9719,0
88.2747,0
88.5786,0
88.8835,0
89.1894,0
89.4964,0
89.8045,0
90.1136,0
90.4238,0
90.7351,0
91.0474,0
91.3608,0
91.6753,0
91.9909,0
92.3075,0
92.6253,0
92.9441,0
93.264,0
93.5851,0
93.9072,0
94.2305,0
94.5548,0
94.8803,0
95.2069,0
95.5346,0
95.8635,0
96.1935,0
96.5246,0
96.8568,0
97.1902,0
97.5248,0
97.8605,0
98.1974,0
98.5354,0
98.8746,0
99.2149,0
99.5564,0
99.8991,0
100.243,0
100.588,0
100.934,0
101.282,0
101.63,0
101.98,0
102.331,0
102.684,0
103.037,0
103.392,0
103.748,0
104.105,0
104.463,0
104.823,0
105.183,0
105.545,0
105.909,0
106.273,0
106.639,0
107.006,0
107.375,0
107.744,0
108.115,0
108.487,0
108.861,0
109.235,0
109.611,0
109.989,0
110.367,0
110.747,0
111.128,0
111.511,0
111.895,0
112.28,0
112.666,0
113.054,0
113.443,0
113.834,0
114.226,0
114.619,0
115.014,0
115.409,0
115.807,0
116.205,0
116.605,0
117.007,0
117.41,0
117.814,0
118.219,0
118.626,0
119.034,0
119.444,0
119.855,0
120.268,0
120.682,0
121.097,0
121.514,0
121.932,0
122.352,0
122.773,0
123.196,0
123.62,0
124.046,0
124.473,0
124.901,0
125.331,0
125.762,0
126.195,0
126.63,0
127.066,0
127.503,0
127.942,0
128.382,0
128.824,0
129.268,0
129.713,0
130.159,0
130.607,0
131.057,0
131.508,0
131.961,0
132.415,0
132.871,0
133.328,0
133.787,0
134.247,0
134.709,0
135.173,0
135.638,0
136.105,0
136.574,0
137.044,0
137.516,0
137.989,0
138.464,0
138.941,0
139.419,0
139.899,0
140.38,0
140.864,0
141.349,0
141.835,0
142.323,0
142.813,0
143.305,0
143.798,0
144.293,0
144.79,0
145.288,0
145.788,0
146.29,0
146.794,0
147.299,0
147.806,0
148.315,0
148.825,0
149.338,0
149.852,0
150.368,0
150.885,0
151.405,0
151.926,0
152.449,0
152.973,0
153.5,0
154.028,0
154.559,0
155.091,0
155.624,0
156.16,0
156.698,0
157.237,0
157.778,0
158.321,0
158.866,0
159.413,0
159.962,0
160.513,0
161.065,0
161.62,0
162.176,0
162.734,0
163.294,0
163.856,0
164.42,0
164.986,0
165.554,0
166.124,0
166.696,0
167.27,0
167.846,0
168.423,0
169.003,0
169.585,0
170.169,0
170.754,0
171.342,0
171.932,0
172.524,0
173.118,0
173.714,0
174.312,0
174.912,0
175.514,0
176.118,0
176.724,0
177.332,0
177.943,0
178.555,0
179.17,0
179.787,0
180.406,0
181.027,0
181.65,0
182.275,0
182.902,0
183.532,0
184.164,0
184.798,0
185.434,0
186.072,0
186.713,0
187.355,0
188,0
188.647,0
189.297,0
189.948,0
190.602,0
191.258,0
191.917,0
192.577,0
193.24,0
193.905,0
194.573,0
195.243,0
195.915,0
196.589,0
197.266,0
197.945,0
198.626,0
199.31,0
199.996,0
200.684,0
201.375,0
202.068,0
202.764,0
203.462,0
204.162,0
204.865,0
205.57,0
206.278,0
206.988,0
207.7,0
208.415,0
209.133,0
209.853,0
210.575,0
211.3,0
212.027,0
212.757,0
213.489,0
214.224,0
214.962,0
215.702,0
216.444,0
217.189,0
217.937,0
218.687,0
219.44,0
220.195,0
220.953,0
221.714,0
222.477,0
223.243,0
224.011,0
224.782,0
225.556,0
226.332,0
227.111,0
227.893,0
228.678,0
229.465,0
230.255,0
231.047,0
231.843,0
232.641,0
233.441,0
234.245,0
235.051,0
235.86,0
236.672,0
237.487,0
238.304,0
239.125,0
239.948,0
240.774,0
241.603,0
242.434,0
243.269,0
244.106,0
244.946,0
245.79,0
246.636,0
247.485,0
248.337,0
249.191,0
250.049,0
250.91,0
251.774,0
252.64,0
253.51,0
254.383,0
255.258,0
256.137,0
257.019,0
257.903,0
258.791,0
259.682,0
260.576,0
261.473,0
262.373,0
263.276,0
264.182,0
265.092,0
266.004,0
266.92,0
267.838,0
268.76,0
269.686,0
270.614,0
271.545,0
272.48,0
273.418,0
274.359,0
275.304,0
276.251,0
277.202,0
278.156,0
279.114,0
280.075,0
281.039,0
282.006,0
282.977,0
283.951,0
284.928,0
285.909,0
286.893,0
287.881,0
288.872,0
289.866,0
290.864,0
291.865,0
292.87,0
293.878,0
294.89,0
295.905,0
296.923,0
297.945,0
298.971,0
300,
