0.01,235,3.83471
0.0100344,254
0.010069,296
0.0101036,305
0.0101384,285
0.0101733,247
0.0102083,300
0.0102435,241
0.0102787,287
0.0103141,316
0.0103496,244
0.0103852,300
0.010421,357
0.0104568,318
0.0104928,356
0.010529,321
0.0105652,338
0.0106016,359
0.0106381,359
0.0106747,409
0.0107114,379
0.0107483,347
0.0107853,392
0.0108224,450
0.0108597,442
0.0108971,428
0.0109346,491
0.0109722,606
0.01101,665
0.0110479,788
0.0110859,2001
0.0111241,2722
0.0111624,2838
0.0112008,2765
0.0112393,2758
0.011278,2715
0.0113168,2707
0.0113558,2668
0.0113949,2670
0.0114341,2576
0.0114735,2686
0.011513,2654
0.0115526,2735
0.0115924,2602
0.0116323,2550
0.0116723,2521
0.0117125,2620
0.0117528,2449
0.0117933,2508
0.0118339,2600
0.0118746,2446
0.0119155,2500
0.0119565,2457
0.0119976,2450
0.0120389,2537
0.0120804,2444
0.012122,2433
0.0121637,2457
0.0122056,2344
0.0122476,2414
0.0122897,13136
0.012332,2443
0.0123745,2309
0.0124171,2486
0.0124598,2557
0.0125027,2334
0.0125458,2294
0.0125889,2370
0.0126323,2407
0.0126758,2317
0.0127194,2276
0.0127632,2276
0.0128071,2268
0.0128512,2240
0.0128954,2306
0.0129398,2237
0.0129844,2265
0.0130291,2250
0.0130739,2203
0.0131189,2156
0.0131641,2080
0.0132094,2204
0.0132548,2183
0.0133005,2126
0.0133463,2170
0.0133922,2082
0.0134383,2112
0.0134846,2085
0.013531,2059
0.0135775,2107
0.0136243,2131
0.0136712,1992
0.0137182,2022
0.0137655,2079
0.0138128,1939
0.0138604,2126
0.0139081,2009
0.013956,1986
0.014004,2013
0.0140522,1971
0.0141006,2148
0.0141491,2047
0.0141978,1903
0.0142467,2053
0.0142957,1995
0.014345,1865
0.0143943,1867
0.0144439,1928
0.0144936,1890
0.0145435,1957
0.0145936,1943
0.0146438,1863
0.0146942,1896
0.0147448,1974
0.0147955,2046
0.0148465,1919
0.0148976,1833
0.0149488,16582
0.0150003,2000
0.0150519,1972
0.0151038,2105
0.0151557,1920
0.0152079,1880
0.0152603,2054
0.0153128,2077
0.0153655,1956
0.0154184,1893
0.0154715,1859
0.0155247,1883
0.0155782,2083
0.0156318,1917
0.0156856,1888
0.0157396,1884
0.0157938,1920
0.0158481,1894
0.0159027,1921
0.0159574,1940
0.0160124,1949
0.0160675,1964
0.0161228,1931
0.0161783,204819
0.016234,3766
0.0162898,5796
0.0163459,3578
0.0164022,3418
0.0164586,4191
0.0165153,3054
0.0165722,3288
0.0166292,2882
0.0166864,2875
0.0167439,2818
0.0168015,3693
0.0168593,10758
0.0169174,3355
0.0169756,3121
0.0170341,3309
0.0170927,3163
0.0171515,2784
0.0172106,3290
0.0172698,3091
0.0173293,3300
0.0173889,3206
0.0174488,3287
0.0175088,3372
0.0175691,3301
0.0176296,3359
0.0176903,3259
0.0177511,3346
0.0178123,3173
0.0178736,3339
0.0179351,3699
0.0179968,3992
0.0180588,3860
0.0181209,3832
0.0181833,3688
0.0182459,3798
0.0183087,3757
0.0183717,3980
0.018435,3760
0.0184984,4203
0.0185621,4346
0.018626,4184
0.0186901,4491
0.0187545,4653
0.018819,4565
0.0188838,17120
0.0189488,4903
0.019014,4553
0.0190795,4799
0.0191451,4946
0.019211,4883
0.0192772,4742
0.0193435,4914
0.0194101,5040
0.0194769,5299
0.019544,5238
0.0196112,5210
0.0196788,5422
0.0197465,5683
0.0198145,5519
0.0198827,5769
0.0199511,5672
0.0200198,140680
0.0200887,7121
0.0201579,8912
0.0202272,7031
0.0202969,7493
0.0203667,7062
0.0204368,7186
0.0205072,6791
0.0205778,6650
0.0206486,10596
0.0207197,6878
0.020791,7472
0.0208626,7066
0.0209344,7678
0.0210065,7196
0.0210788,7316
0.0211513,7454
0.0212241,7650
0.0212972,7732
0.0213705,7680
0.0214441,7875
0.0215179,7524
0.0215919,8114
0.0216663,7976
0.0217408,7937
0.0218157,8511
0.0218908,8444
0.0219661,8675
0.0220417,8749
0.0221176,8747
0.0221938,8515
0.0222701,8569
0.0223468,8745
0.0224237,9159
0.0225009,9180
0.0225784,9486
0.0226561,9505
0.0227341,9759
0.0228123,9745
0.0228909,9596
0.0229697,9906
0.0230487,9793
0.0231281,9774
0.0232077,9682
0.0232876,10054
0.0233677,10436
0.0234482,10353
0.0235289,10186
0.0236099,10693
0.0236911,10823
0.0237727,11030
0.0238545,10559
0.0239366,10587
0.024019,138149
0.0241017,13067
0.0241847,14384
0.0242679,12919
0.0243514,12310
0.0244353,12579
0.0245194,12334
0.0246038,12307
0.0246885,13149
0.0247735,12957
0.0248587,12633
0.0249443,13119
0.0250302,12894
0.0251163,12796
0.0252028,13049
0.0252895,13105
0.0253766,13451
0.0254639,13622
0.0255516,13665
0.0256396,13565
0.0257278,13984
0.0258164,14739
0.0259052,14327
0.0259944,14356
0.0260839,14957
0.0261737,14309
0.0262638,14813
0.0263542,14836
0.0264449,15135
0.0265359,15395
0.0266273,15576
0.0267189,15843
0.0268109,15670
0.0269032,15875
0.0269958,16304
0.0270887,15900
0.027182,15937
0.0272755,16960
0.0273694,16423
0.0274636,16760
0.0275582,16904
0.027653,17233
0.0277482,17079
0.0278437,16682
0.0279396,17151
0.0280357,16917
0.0281323,17462
0.0282291,17761
0.0283263,17937
0.0284238,22091
0.0285216,17713
0.0286198,18193
0.0287183,18107
0.0288172,18190
0.0289164,18047
0.0290159,18195
0.0291158,18653
0.029216,17989
0.0293166,18341
0.0294175,18883
0.0295187,18477
0.0296203,18331
0.0297223,18969
0.0298246,18848
0.0299273,19502
0.0300303,18791
0.0301337,19114
0.0302374,19262
0.0303415,19243
0.0304459,19088
0.0305507,19226
0.0306559,19193
0.0307614,19131
0.0308673,19271
0.0309735,19309
0.0310802,26390
0.0311872,19914
0.0312945,19805
0.0314022,19929
0.0315103,20026
0.0316188,19754
0.0317276,19898
0.0318368,20073
0.0319464,20114
0.0320564,19950
0.0321667,20111
0.0322775,20997
0.0323886,23722
0.0325001,20452
0.0326119,20198
0.0327242,20456
0.0328368,20680
0.0329499,24333
0.0330633,20523
0.0331771,20940
0.0332913,20320
0.0334059,20617
0.0335209,20926
0.0336363,21314
0.0337521,21333
0.0338682,22016
0.0339848,21066
0.0341018,20910
0.0342192,20938
0.034337,21826
0.0344552,21248
0.0345738,21553
0.0346928,21451
0.0348122,21056
0.034932,20990
0.0350523,30859
0.035173,22217
0.035294,22095
0.0354155,21697
0.0355374,22192
0.0356597,23019
0.0357825,22100
0.0359057,21942
0.0360293,21781
0.0361533,23062
0.0362777,22615
0.0364026,25374
0.0365279,21809
0.0366537,22259
0.0367798,23928
0.0369064,24772
0.0370335,22759
0.0371609,22259
0.0372889,22482
0.0374172,22601
0.037546,23010
0.0376753,22659
0.0378049,23010
0.0379351,22847
0.0380657,22790
0.0381967,23282
0.0383282,22886
0.0384601,22909
0.0385925,23049
0.0387253,23059
0.0388586,23110
0.0389924,30856
0.0391266,22667
0.0392613,23689
0.0393965,23474
0.0395321,23865
0.0396681,23648
0.0398047,23302
0.0399417,24160
0.0400792,23364
0.0402172,24298
0.0403556,23892
0.0404945,24010
0.0406339,25770
0.0407738,24030
0.0409141,25741
0.041055,24107
0.0411963,24099
0.0413381,23912
0.0414804,24490
0.0416232,24368
0.0417664,24846
0.0419102,24567
0.0420545,24719
0.0421992,25051
0.0423445,24464
0.0424903,24886
0.0426365,24832
0.0427833,24835
0.0429306,28361
0.0430783,25526
0.0432266,25103
0.0433754,25571
0.0435247,25133
0.0436745,25568
0.0438249,25110
0.0439757,25426
0.0441271,26147
0.044279,25437
0.0444314,25364
0.0445844,27845
0.0447378,25868
0.0448918,26938
0.0450464,26982
0.0452014,26075
0.045357,26334
0.0455131,26174
0.0456698,26144
0.045827,26649
0.0459848,26999
0.0461431,26657
0.0463019,26194
0.0464613,26425
0.0466212,26757
0.0467817,26995
0.0469427,27297
0.0471043,27132
0.0472664,27326
0.0474291,27757
0.0475924,27640
0.0477562,27718
0.0479206,27394
0.0480856,28038
0.0482511,27607
0.0484172,115478
0.0485839,30103
0.0487511,29311
0.0489189,29114
0.0490873,29190
0.0492563,29753
0.0494258,29570
0.0495959,29782
0.0497667,30522
0.049938,30252
0.0501099,31093
0.0502824,31131
0.0504554,30703
0.0506291,31074
0.0508034,31356
0.0509783,32242
0.0511538,31903
0.0513298,32713
0.0515065,32778
0.0516838,33034
0.0518617,33577
0.0520403,33514
0.0522194,33920
0.0523991,34047
0.0525795,34076
0.0527605,34138
0.0529421,34755
0.0531244,35448
0.0533072,35193
0.0534907,35157
0.0536748,36039
0.0538596,35856
0.054045,36339
0.054231,35840
0.0544177,35848
0.054605,36515
0.054793,36537
0.0549816,36704
0.0551709,36726
0.0553608,37175
0.0555513,37179
0.0557426,37890
0.0559344,38086
0.056127,36763
0.0563202,37878
0.056514,38561
0.0567086,38630
0.0569038,38609
0.0570997,39199
0.0572962,38949
0.0574934,39196
0.0576913,38784
0.0578899,39431
0.0580892,39491
0.0582892,40061
0.0584898,39658
0.0586911,40366
0.0588932,40755
0.0590959,40616
0.0592993,40973
0.0595034,40831
0.0597083,42012
0.0599138,41957
0.06012,41574
0.060327,42320
0.0605346,42011
0.060743,44520
0.0609521,42608
0.0611619,43084
0.0613724,43176
0.0615837,43492
0.0617957,43171
0.0620084,43787
0.0622218,43039
0.062436,43116
0.0626509,43934
0.0628666,44133
0.063083,44573
0.0633001,46989
0.063518,43588
0.0637367,44859
0.0639561,45154
0.0641762,45668
0.0643971,45261
0.0646188,46771
0.0648412,46299
0.0650644,46668
0.0652884,48015
0.0655131,46139
0.0657387,47130
0.0659649,46882
0.066192,47511
0.0664199,47199
0.0666485,47731
0.0668779,47772
0.0671081,47921
0.0673391,50810
0.0675709,49943
0.0678035,48733
0.0680369,49320
0.0682711,48494
0.0685061,49678
0.0687419,49686
0.0689785,51059
0.069216,49637
0.0694542,49437
0.0696933,49956
0.0699332,50557
0.0701739,50888
0.0704155,50458
0.0706579,50618
0.0709011,50634
0.0711452,51923
0.0713901,51988
0.0716358,51557
0.0718824,52424
0.0721298,52552
0.0723781,52935
0.0726273,53127
0.0728773,52399
0.0731281,52974
0.0733798,53559
0.0736324,53753
0.0738859,53671
0.0741402,54167
0.0743954,54334
0.0746515,54313
0.0749085,54480
0.0751663,55077
0.0754251,56017
0.0756847,55209
0.0759452,55857
0.0762067,55791
0.076469,55848
0.0767322,56006
0.0769963,56709
0.0772614,57398
0.0775273,57693
0.0777942,56884
0.078062,57961
0.0783307,58250
0.0786003,57307
0.0788709,58623
0.0791424,58400
0.0794148,58287
0.0796882,59552
0.0799625,58669
0.0802377,59641
0.0805139,59811
0.080791,60166
0.0810692,60800
0.0813482,60371
0.0816282,59914
0.0819092,61486
0.0821912,61182
0.0824741,61313
0.082758,61069
0.0830428,61338
0.0833287,62725
0.0836155,62308
0.0839034,62862
0.0841922,62698
0.084482,62788
0.0847728,63338
0.0850646,63893
0.0853574,64432
0.0856512,64389
0.0859461,65071
0.0862419,65168
0.0865388,65198
0.0868367,65748
0.0871356,66357
0.0874355,66531
0.0877365,65342
0.0880385,66842
0.0883415,68151
0.0886456,67744
0.0889508,67282
0.089257,68742
0.0895642,68327
0.0898725,68952
0.0901819,69431
0.0904923,69770
0.0908038,68529
0.0911164,69637
0.09143,69976
0.0917447,70369
0.0920605,71334
0.0923774,71403
0.0926954,72136
0.0930145,71981
0.0933347,71732
0.0936559,73441
0.0939783,73638
0.0943018,73606
0.0946264,74594
0.0949522,73756
0.095279,73619
0.095607,75375
0.0959361,74831
0.0962663,76325
0.0965977,76145
0.0969302,76276
0.0972638,76268
0.0975986,77658
0.0979346,77232
0.0982717,77974
0.09861,77976
0.0989494,77625
0.09929,78723
0.0996318,79449
0.0999748,79565
0.100319,79845
0.100664,80042
0.101011,81079
0.101358,80831
0.101707,81536
0.102057,80890
0.102409,81062
0.102761,81914
0.103115,83238
0.10347,82273
0.103826,83669
0.104183,83593
0.104542,84004
0.104902,84251
0.105263,85327
0.105625,85543
0.105989,84882
0.106354,85791
0.10672,85629
0.107087,85813
0.107456,86536
0.107826,86326
0.108197,87032
0.108569,87737
0.108943,87420
0.109318,89915
0.109694,88481
0.110072,89211
0.110451,89826
0.110831,89705
0.111213,90014
0.111595,90510
0.11198,91435
0.112365,92084
0.112752,91292
0.11314,92379
0.113529,93394
0.11392,93271
0.114312,92166
0.114706,93371
0.115101,93499
0.115497,94217
0.115894,94493
0.116293,94433
0.116694,95897
0.117095,95801
0.117498,96496
0.117903,96415
0.118309,97947
0.118716,97766
0.119125,98163
0.119535,98017
0.119946,99117
0.120359,98712
0.120773,99288
0.121189,100578
0.121606,100522
0.122025,101348
0.122445,100869
0.122866,100369
0.123289,101978
0.123714,102970
0.124139,103882
0.124567,102859
0.124996,103612
0.125426,104492
0.125858,104389
0.126291,105133
0.126726,105508
0.127162,106026
0.127599,106607
0.128039,107259
0.128479,107253
0.128922,107250
0.129365,108470
0.129811,109541
0.130258,108738
0.130706,109291
0.131156,109751
0.131607,110050
0.13206,111216
0.132515,111225
0.132971,111956
0.133429,112740
0.133888,113111
0.134349,112710
0.134811,113256
0.135276,114521
0.135741,114739
0.136208,114783
0.136677,115463
0.137148,114990
0.13762,116360
0.138094,117126
0.138569,117312
0.139046,116824
0.139525,118293
0.140005,118727
0.140487,119625
0.14097,119763
0.141456,120163
0.141943,121085
0.142431,120659
0.142921,121211
0.143413,122010
0.143907,122241
0.144402,122975
0.144899,122256
0.145398,124304
0.145899,123889
0.146401,123844
0.146905,125543
0.147411,125511
0.147918,126419
0.148427,126256
0.148938,127334
0.149451,127087
0.149965,127626
0.150481,127418
0.150999,127064
0.151519,128902
0.152041,130013
0.152564,129425
0.153089,130772
0.153616,131652
0.154145,131025
0.154676,131910
0.155208,133177
0.155742,132345
0.156278,134180
0.156816,134032
0.157356,133774
0.157898,135341
0.158441,135168
0.158987,136042
0.159534,136740
0.160083,137391
0.160634,137698
0.161187,137731
0.161742,137612
0.162299,138915
0.162857,138940
0.163418,139007
0.163981,140489
0.164545,141013
0.165111,141062
0.16568,141693
0.16625,141922
0.166822,142174
0.167397,143708
0.167973,143512
0.168551,143574
0.169131,144840
0.169713,145218
0.170298,145834
0.170884,146519
0.171472,146364
0.172062,146444
0.172654,147321
0.173249,148865
0.173845,146445
0.174444,147754
0.175044,150212
0.175647,151091
0.176251,149626
0.176858,151793
0.177467,152036
0.178078,152048
0.178691,152626
0.179306,151925
0.179923,152525
0.180542,152093
0.181164,154369
0.181787,155963
0.182413,154613
0.183041,155537
0.183671,155350
0.184303,156516
0.184938,157243
0.185574,156940
0.186213,157350
0.186854,158046
0.187497,158967
0.188143,160360
0.18879,158584
0.18944,161233
0.190092,160152
0.190747,161946
0.191403,161135
0.192062,160333
0.192723,161934
0.193387,163608
0.194052,162800
0.19472,164031
0.19539,164041
0.196063,163948
0.196738,164484
0.197415,166058
0.198095,166997
0.198777,166262
0.199461,167054
0.200147,167943
0.200836,168265
0.201528,168590
0.202221,169139
0.202917,170278
0.203616,169038
0.204317,169588
0.20502,170615
0.205726,171137
0.206434,170789
0.207145,171871
0.207858,173136
0.208573,173797
0.209291,172672
0.210012,172553
0.210734,174247
0.21146,173901
0.212188,173847
0.212918,176045
0.213651,175827
0.214386,176466
0.215124,175791
0.215865,175777
0.216608,177055
0.217354,177102
0.218102,179425
0.218853,178213
0.219606,178791
0.220362,179149
0.22112,178647
0.221882,180022
0.222645,179175
0.223412,181306
0.224181,180486
0.224952,181632
0.225727,181153
0.226504,182203
0.227283,182185
0.228066,183187
0.228851,184205
0.229639,183689
0.230429,182943
0.231222,184194
0.232018,185616
0.232817,185212
0.233618,184190
0.234422,185804
0.235229,185328
0.236039,185277
0.236852,187448
0.237667,187716
0.238485,185988
0.239306,186900
0.24013,188998
0.240956,188912
0.241786,188653
0.242618,189902
0.243453,189036
0.244291,189091
0.245132,189616
0.245976,190301
0.246822,189188
0.247672,190163
0.248525,190787
0.24938,191159
0.250239,189989
0.2511,191245
0.251964,192214
0.252832,192148
0.253702,191063
0.254575,192881
0.255452,192076
0.256331,192479
0.257213,194089
0.258099,193613
0.258987,193560
0.259878,193786
0.260773,192825
0.261671,192750
0.262571,194516
0.263475,194845
0.264382,195941
0.265292,194746
0.266205,195492
0.267122,195992
0.268041,195376
0.268964,195035
0.26989,197396
0.270819,196947
0.271751,196924
0.272686,197704
0.273625,197360
0.274567,196125
0.275512,196861
0.27646,195941
0.277412,197068
0.278367,196652
0.279325,196471
0.280287,197700
0.281252,199216
0.28222,198124
0.283191,197595
0.284166,198041
0.285144,199166
0.286126,198824
0.287111,197565
0.288099,198383
0.289091,199820
0.290086,197265
0.291084,197284
0.292086,199967
0.293092,198951
0.294101,199288
0.295113,198497
0.296129,197506
0.297148,197253
0.298171,200186
0.299197,197265
0.300227,199870
0.301261,197895
0.302298,198289
0.303338,198018
0.304382,196173
0.30543,198907
0.306482,198415
0.307536,198351
0.308595,199284
0.309657,197702
0.310723,196885
0.311793,197786
0.312866,197654
0.313943,197514
0.315024,199130
0.316108,197738
0.317196,196959
0.318288,196775
0.319384,196323
0.320483,197182
0.321586,197552
0.322693,196312
0.323804,197466
0.324919,196538
0.326037,196484
0.327159,196000
0.328286,197300
0.329416,194240
0.330549,196427
0.331687,193273
0.332829,196452
0.333975,194359
0.335124,193546
0.336278,194918
0.337435,193681
0.338597,194966
0.339763,193663
0.340932,194511
0.342106,194147
0.343283,192206
0.344465,193877
0.345651,194421
0.34684,193522
0.348034,192534
0.349232,192976
0.350434,192615
0.351641,193333
0.352851,191038
0.354066,190296
0.355285,191328
0.356508,190245
0.357735,189341
0.358966,189783
0.360202,188775
0.361442,189205
0.362686,188875
0.363934,189436
0.365187,187765
0.366444,186769
0.367705,188125
0.368971,186943
0.370241,186241
0.371516,186620
0.372795,185513
0.374078,184433
0.375365,185659
0.376658,184695
0.377954,184729
0.379255,182941
0.380561,183191
0.381871,182920
0.383185,183154
0.384504,182315
0.385828,181096
0.387156,181099
0.388488,180736
0.389826,180499
0.391168,179362
0.392514,179445
0.393865,180225
0.395221,178943
0.396581,178546
0.397946,178650
0.399316,176958
0.400691,177416
0.40207,176117
0.403454,176112
0.404843,175101
0.406236,174287
0.407635,174915
0.409038,174059
0.410446,173193
0.411859,172214
0.413277,171267
0.414699,170823
0.416127,170551
0.417559,169973
0.418996,169440
0.420439,168646
0.421886,168816
0.423338,166630
0.424795,167008
0.426258,167219
0.427725,166091
0.429197,165999
0.430675,165289
0.432157,163161
0.433645,164051
0.435137,163496
0.436635,162624
0.438138,160577
0.439646,160599
0.44116,160359
0.442678,160258
0.444202,158488
0.445731,159512
0.447265,159586
0.448805,156629
0.45035,157305
0.4519,155619
0.453456,156824
0.455017,154887
0.456583,154482
0.458155,153889
0.459732,153052
0.461314,152049
0.462902,152661
0.464495,150451
0.466094,149822
0.467699,149266
0.469309,149347
0.470924,148455
0.472545,147964
0.474172,148595
0.475804,146757
0.477442,145764
0.479085,143659
0.480734,144579
0.482389,143384
0.48405,142264
0.485716,141871
0.487388,140307
0.489066,141006
0.490749,139559
0.492438,139036
0.494133,139076
0.495834,138676
0.497541,137450
0.499254,135343
0.500972,135938
0.502697,134764
0.504427,134937
0.506164,133728
0.507906,133362
0.509654,131662
0.511409,130830
0.513169,130301
0.514935,130293
0.516708,129375
0.518486,128416
0.520271,128297
0.522062,127544
0.523859,127155
0.525662,126067
0.527472,123928
0.529288,124172
0.531109,124093
0.532938,123233
0.534772,122622
0.536613,122879
0.53846,121430
0.540314,121067
0.542174,119775
0.54404,119001
0.545913,118165
0.547792,117806
0.549677,117820
0.551569,116499
0.553468,115606
0.555373,114736
0.557285,114751
0.559203,114177
0.561128,112931
0.56306,111348
0.564998,111704
0.566943,110525
0.568894,110291
0.570853,108118
0.572818,109016
0.574789,107907
0.576768,106289
0.578753,106184
0.580745,105921
0.582744,104335
0.58475,103946
0.586763,103161
0.588783,103381
0.59081,101128
0.592843,101253
0.594884,100514
0.596932,100177
0.598987,100542
0.601049,100213
0.603117,97923
0.605194,97397
0.607277,97747
0.609367,96643
0.611465,95564
0.61357,95543
0.615682,93761
0.617801,92858
0.619927,92965
0.622061,92502
0.624203,91316
0.626351,90403
0.628507,90096
0.630671,90487
0.632842,88120
0.63502,87942
0.637206,87928
0.639399,88165
0.6416,87260
0.643809,87105
0.646025,86284
0.648249,84320
0.65048,84141
0.652719,83923
0.654966,83935
0.657221,82495
0.659483,81218
0.661753,81511
0.664031,80863
0.666317,80123
0.66861,80254
0.670912,79366
0.673221,78230
0.675539,78376
0.677864,76486
0.680197,77305
0.682539,76796
0.684888,75318
0.687246,75268
0.689611,75593
0.691985,73733
0.694367,73608
0.696757,73105
0.699156,72341
0.701562,72316
0.703977,71851
0.706401,70386
0.708832,71003
0.711272,69912
0.713721,69035
0.716177,68969
0.718643,68983
0.721116,68329
0.723599,67710
0.726089,67484
0.728589,66024
0.731097,66281
0.733613,65590
0.736139,64670
0.738673,64097
0.741215,65595
0.743767,63995
0.746327,62471
0.748896,62584
0.751474,62807
0.754061,61704
0.756656,61514
0.759261,60889
0.761874,61223
0.764497,60001
0.767128,59258
0.769769,59465
0.772419,58881
0.775078,58206
0.777746,57301
0.780423,57246
0.783109,56686
0.785805,57139
0.78851,56339
0.791224,56046
0.793948,55451
0.79668,55451
0.799423,54200
0.802175,54769
0.804936,53776
0.807707,53184
0.810487,52911
0.813277,52740
0.816076,52256
0.818885,51891
0.821704,51491
0.824533,50739
0.827371,51247
0.830219,50560
0.833077,50894
0.835944,49485
0.838822,49871
0.841709,49321
0.844607,48648
0.847514,48751
0.850431,48655
0.853359,48379
0.856296,47985
0.859244,46821
0.862201,47189
0.865169,46716
0.868147,46606
0.871136,47206
0.874135,47154
0.877143,46118
0.880163,46174
0.883193,46072
0.886233,45444
0.889283,45302
0.892344,44884
0.895416,45167
0.898498,44810
0.901591,44670
0.904695,44467
0.907809,43807
0.910934,43690
0.914069,43782
0.917216,43478
0.920373,43824
0.923541,43091
0.92672,42646
0.92991,42879
0.933111,42676
0.936323,42795
0.939546,42734
0.94278,42387
0.946026,42390
0.949282,41914
0.95255,42848
0.955829,41680
0.959119,42356
0.96242,42479
0.965733,41654
0.969057,41568
0.972393,41317
0.97574,41485
0.979099,41419
0.982469,41218
0.985851,41568
0.989245,40832
0.99265,40947
0.996067,41965
0.999495,40688
1.00294,40378
1.00639,40821
1.00985,41060
1.01333,40756
1.01682,40711
1.02032,40970
1.02383,40117
1.02735,39983
1.03089,40375
1.03444,40876
1.038,40684
1.04157,39848
1.04516,40419
1.04876,40061
1.05237,40316
1.05599,40022
1.05962,39983
1.06327,40311
1.06693,39984
1.0706,39647
1.07429,40202
1.07799,39097
1.0817,40263
1.08542,39752
1.08916,40215
1.09291,39455
1.09667,39835
1.10044,39653
1.10423,39811
1.10803,39629
1.11185,39749
1.11567,40161
1.11951,39420
1.12337,39600
1.12723,39392
1.13111,38978
1.13501,39505
1.13891,39291
1.14283,39585
1.14677,39304
1.15072,39027
1.15468,39382
1.15865,38738
1.16264,39398
1.16664,39191
1.17066,39203
1.17469,39105
1.17873,38810
1.18279,38962
1.18686,39141
1.19095,38794
1.19505,38530
1.19916,38517
1.20329,38749
1.20743,38700
1.21158,37875
1.21576,38048
1.21994,38099
1.22414,38551
1.22835,37901
1.23258,38185
1.23682,37818
1.24108,37758
1.24535,38295
1.24964,38043
1.25394,38069
1.25826,37799
1.26259,37436
1.26694,37531
1.2713,37387
1.27567,37474
1.28006,37478
1.28447,36197
1.28889,36898
1.29333,37214
1.29778,37437
1.30225,36420
1.30673,36853
1.31123,36865
1.31574,36275
1.32027,36535
1.32482,36094
1.32938,36237
1.33395,36027
1.33854,35956
1.34315,35803
1.34777,35632
1.35241,36165
1.35707,35911
1.36174,35361
1.36643,34872
1.37113,35557
1.37585,34986
1.38059,34670
1.38534,34830
1.39011,34915
1.39489,34345
1.3997,35335
1.40451,34089
1.40935,34691
1.4142,34354
1.41907,33718
1.42395,33623
1.42885,33850
1.43377,33523
1.43871,33226
1.44366,33779
1.44863,32885
1.45362,33582
1.45862,33000
1.46364,33205
1.46868,32685
1.47373,32119
1.47881,32408
1.4839,32651
1.48901,32256
1.49413,32325
1.49927,31558
1.50443,31551
1.50961,32273
1.51481,31159
1.52002,31590
1.52526,30862
1.53051,30950
1.53577,30403
1.54106,30476
1.54637,30875
1.55169,30228
1.55703,30590
1.56239,29988
1.56777,30078
1.57316,29475
1.57858,29553
1.58401,29373
1.58947,29362
1.59494,29401
1.60043,29413
1.60594,28898
1.61146,28636
1.61701,28960
1.62258,28216
1.62816,28209
1.63377,28308
1.63939,28182
1.64503,27969
1.6507,27830
1.65638,27337
1.66208,27649
1.6678,27277
1.67354,27169
1.6793,27284
1.68508,27224
1.69088,27150
1.69671,26774
1.70255,26918
1.70841,26573
1.71429,26375
1.72019,26361
1.72611,25960
1.73205,25357
1.73801,25667
1.744,25268
1.75,25157
1.75602,24806
1.76207,25276
1.76813,25555
1.77422,25038
1.78033,24920
1.78645,24645
1.7926,24616
1.79877,24787
1.80497,24205
1.81118,24144
1.81741,24004
1.82367,23950
1.82995,23943
1.83625,23794
1.84257,23485
1.84891,23560
1.85527,23220
1.86166,23254
1.86807,22971
1.8745,22453
1.88095,23118
1.88743,22358
1.89392,22433
1.90044,22666
1.90698,22343
1.91355,22238
1.92014,22015
1.92674,21635
1.93338,21877
1.94003,21342
1.94671,21588
1.95341,21492
1.96014,21147
1.96688,21404
1.97365,21485
1.98045,20874
1.98726,21122
1.9941,20764
2.00097,20667
2.00786,20767
2.01477,20856
2.0217,20309
2.02866,20239
2.03565,19737
2.04265,20031
2.04968,19762
2.05674,19949
2.06382,20034
2.07092,19207
2.07805,19572
2.08521,19358
2.09238,19308
2.09959,19234
2.10681,19015
2.11406,19189
2.12134,18582
2.12864,19128
2.13597,18693
2.14332,18746
2.1507,18926
2.1581,18183
2.16553,18398
2.17299,18189
2.18047,18150
2.18797,18232
2.19551,17858
2.20306,18076
2.21065,17574
2.21826,17683
2.22589,17604
2.23355,17334
2.24124,17197
2.24896,17473
2.2567,17467
2.26447,17335
2.27226,17082
2.28008,16749
2.28793,17049
2.29581,16463
2.30371,16515
2.31164,16803
2.3196,16741
2.32758,16507
2.33559,16477
2.34363,16058
2.3517,16116
2.3598,16334
2.36792,16379
2.37607,15998
2.38425,15608
2.39245,15453
2.40069,15879
2.40895,15293
2.41725,15327
2.42557,15348
2.43392,15077
2.44229,15266
2.4507,15289
2.45914,15397
2.4676,14863
2.4761,14387
2.48462,14962
2.49317,14790
2.50175,15183
2.51037,14677
2.51901,14860
2.52768,14774
2.53638,14307
2.54511,14148
2.55387,14191
2.56266,14193
2.57148,14091
2.58033,13957
2.58922,13961
2.59813,13886
2.60707,13939
2.61605,13653
2.62505,13843
2.63409,13721
2.64315,13418
2.65225,13335
2.66138,13290
2.67054,13283
2.67974,13282
2.68896,13516
2.69822,12870
2.7075,12982
2.71682,13155
2.72618,12834
2.73556,12736
2.74498,12756
2.75443,12519
2.76391,12644
2.77342,12736
2.78297,12425
2.79255,12545
2.80216,12296
2.81181,12254
2.82148,12418
2.8312,12042
2.84094,11956
2.85072,11996
2.86053,12073
2.87038,11861
2.88026,11880
2.89018,11830
2.90012,12011
2.91011,11896
2.92013,11624
2.93018,11453
2.94026,11333
2.95038,11364
2.96054,11206
2.97073,11166
2.98096,11254
2.99122,11377
3.00151,11330
3.01185,11024
3.02221,10783
3.03262,11097
3.04306,10732
3.05353,10609
3.06404,10827
3.07459,11102
3.08517,10499
3.09579,10735
3.10645,10271
3.11714,10338
3.12787,10510
3.13864,10676
3.14944,10321
3.16028,10059
3.17116,10267
3.18208,10068
3.19303,9951
3.20402,10032
3.21505,10079
3.22612,9835
3.23722,9966
3.24837,9978
3.25955,9687
3.27077,9755
3.28203,9772
3.29332,9817
3.30466,9671
3.31604,9598
3.32745,9187
3.3389,9482
3.3504,9107
3.36193,9235
3.3735,9086
3.38512,9465
3.39677,9165
3.40846,9395
3.42019,9197
3.43197,8897
3.44378,9036
3.45563,8789
3.46753,8814
3.47947,8794
3.49144,8815
3.50346,8884
3.51552,8806
3.52762,8706
3.53976,8431
3.55195,8660
3.56418,8735
3.57644,8634
3.58876,8613
3.60111,8355
3.6135,8332
3.62594,8472
3.63842,8650
3.65095,8147
3.66352,8198
3.67613,8113
3.68878,8323
3.70148,8039
3.71422,7816
3.72701,7928
3.73983,7972
3.75271,7744
3.76563,7913
3.77859,7695
3.79159,7712
3.80465,7678
3.81774,7699
3.83088,7663
3.84407,7439
3.8573,7672
3.87058,7355
3.8839,7415
3.89727,7523
3.91069,7197
3.92415,7320
3.93766,7353
3.95121,7201
3.96481,7093
3.97846,7104
3.99216,7155
4.0059,7122
4.01969,7098
4.03352,6694
4.04741,6998
4.06134,6991
4.07532,6983
4.08935,7005
4.10342,6964
4.11755,6698
4.13172,6866
4.14595,6913
4.16022,6723
4.17454,6500
4.18891,6501
4.20333,6541
4.21779,6522
4.23231,6519
4.24688,6535
4.2615,6616
4.27617,6488
4.29089,6474
4.30566,6167
4.32048,6310
4.33535,6257
4.35028,6257
4.36525,6217
4.38028,6063
4.39535,6136
4.41048,6018
4.42567,6093
4.4409,6016
4.45619,6077
4.47153,6008
4.48692,5801
4.50236,5773
4.51786,5766
4.53341,5859
4.54902,5959
4.56468,5710
4.58039,5885
4.59616,5731
4.61198,5574
4.62785,5655
4.64378,5499
4.65977,5520
4.67581,5330
4.6919,5393
4.70805,5312
4.72426,5251
4.74052,5286
4.75684,5172
4.77321,5420
4.78964,5315
4.80613,5325
4.82268,5215
4.83928,5125
4.85593,5105
4.87265,5162
4.88942,5087
4.90625,4995
4.92314,5176
4.94009,4886
4.95709,5051
4.97416,4754
4.99128,4859
5.00846,5020
5.0257,4753
5.043,4598
5.06036,4930
5.07778,4750
5.09526,4580
5.11279,4670
5.13039,4716
5.14805,4418
5.16578,4726
5.18356,4509
5.2014,4677
5.2193,4370
5.23727,4425
5.2553,4328
5.27339,4496
5.29154,4447
5.30976,4341
5.32803,4403
5.34637,4256
5.36478,4110
5.38324,4154
5.40177,4361
5.42037,4220
5.43903,4254
5.45775,4254
5.47653,4153
5.49539,4173
5.5143,4197
5.53328,3940
5.55233,3857
5.57144,4064
5.59062,3905
5.60987,3942
5.62918,3777
5.64855,4055
5.668,3804
5.68751,3872
5.70708,3677
5.72673,3787
5.74644,3558
5.76622,3721
5.78607,3656
5.80599,3525
5.82597,3630
5.84603,3619
5.86615,3510
5.88634,3513
5.90661,3637
5.92694,3466
5.94734,3440
5.96781,3358
5.98836,3429
6.00897,3305
6.02965,3337
6.05041,3425
6.07124,3250
6.09213,3318
6.1131,3372
6.13415,3147
6.15526,3222
6.17645,3177
6.19771,3248
6.21904,3022
6.24045,3088
6.26193,2958
6.28349,3064
6.30512,3189
6.32682,3061
6.3486,3079
6.37045,2988
6.39238,2963
6.41439,2926
6.43647,3086
6.45862,2919
6.48085,2822
6.50316,2718
6.52555,2800
6.54801,2713
6.57055,2882
6.59317,2701
6.61586,2689
6.63863,2670
6.66149,2702
6.68442,2628
6.70743,2608
6.73051,2626
6.75368,2539
6.77693,2547
6.80026,2527
6.82367,2452
6.84715,2436
6.87072,2407
6.89437,2306
6.91811,2429
6.94192,2348
6.96582,2306
6.98979,2450
7.01385,2179
7.038,2500
7.06222,2152
7.08653,2247
7.11093,2328
7.13541,2245
7.15997,2228
7.18461,2107
7.20934,2108
7.23416,2178
7.25906,2010
7.28405,2089
7.30912,1963
7.33428,1971
7.35953,2001
7.38486,2033
7.41028,1861
7.43579,1947
7.46139,1902
7.48707,1881
7.51284,1888
7.5387,1794
7.56465,1824
7.59069,1797
7.61682,1703
7.64304,1657
7.66935,1754
7.69575,1689
7.72224,1598
7.74882,1696
7.77549,1635
7.80226,1592
7.82912,1641
7.85607,1571
7.88311,1541
7.91024,1522
7.93747,1501
7.96479,1474
7.99221,1472
8.01972,1385
8.04733,1450
8.07503,1437
8.10283,1337
8.13072,1426
8.1587,1332
8.18679,1365
8.21497,1373
8.24325,1327
8.27162,1321
8.3001,1294
8.32867,1214
8.35734,1162
8.3861,1184
8.41497,1079
8.44394,1152
8.473,1113
8.50217,1150
8.53143,1069
8.5608,1083
8.59027,1070
8.61984,1034
8.64951,996
8.67928,1008
8.70916,991
8.73914,978
8.76922,1003
8.79941,948
8.8297,917
8.86009,908
8.89059,909
8.92119,908
8.9519,849
8.98272,878
9.01364,886
9.04466,818
9.0758,730
9.10704,766
9.13839,812
9.16984,764
9.20141,782
9.23308,706
9.26486,728
9.29676,694
9.32876,679
9.36087,665
9.39309,660
9.42542,647
9.45787,618
9.49042,609
9.52309,617
9.55587,614
9.58877,619
9.62177,624
9.65489,515
9.68813,535
9.72148,503
9.75494,530
9.78852,474
9.82221,524
9.85602,461
9.88995,473
9.92399,443
9.95816,424
9.99243,418
10.0268,428
10.0613,376
10.096,386
10.1307,360
10.1656,379
10.2006,403
10.2357,354
10.2709,341
10.3063,384
10.3418,344
10.3774,319
10.4131,293
10.4489,297
10.4849,311
10.521,322
10.5572,309
10.5936,267
10.63,297
10.6666,255
10.7033,269
10.7402,218
10.7771,272
10.8142,240
10.8515,199
10.8888,211
10.9263,201
10.9639,193
11.0016,214
11.0395,190
11.0775,217
11.1156,217
11.1539,192
11.1923,182
11.2308,174
11.2695,168
11.3083,152
11.3472,145
11.3863,168
11.4255,130
11.4648,158
11.5043,145
11.5439,161
11.5836,151
11.6235,117
11.6635,137
11.7036,128
11.7439,98
11.7843,113
11.8249,115
11.8656,106
11.9065,120
11.9474,101
11.9886,86
12.0298,76
12.0712,115
12.1128,64
12.1545,116
12.1963,73
12.2383,101
12.2804,86
12.3227,71
12.3651,60
12.4077,77
12.4504,74
12.4933,64
12.5363,68
12.5794,60
12.6227,47
12.6662,68
12.7098,52
12.7535,67
12.7974,70
12.8415,51
12.8857,43
12.93,47
12.9745,49
13.0192,46
13.064,35
13.109,57
13.1541,35
13.1994,36
13.2448,31
13.2904,22
13.3362,31
13.3821,33
13.4281,33
13.4743,23
13.5207,31
13.5673,29
13.614,30
13.6608,37
13.7079,26
13.755,20
13.8024,28
13.8499,17
13.8976,18
13.9454,25
13.9934,21
14.0416,19
14.0899,18
14.1384,19
14.1871,21
14.2359,14
14.2849,17
14.3341,15
14.3834,10
14.433,17
14.4826,14
14.5325,10
14.5825,9
14.6327,5
14.6831,18
14.7336,11
14.7843,16
14.8352,10
14.8863,12
14.9375,10
14.989,6
15.0406,7
15.0923,12
15.1443,6
15.1964,8
15.2487,3
15.3012,10
15.3539,7
15.4067,5
15.4598,5
15.513,6
15.5664,8
15.62,7
15.6737,5
15.7277,4
15.7818,7
15.8361,7
15.8907,6
15.9454,9
16.0002,1
16.0553,12
16.1106,5
16.166,0
16.2217,2
16.2775,3
16.3336,3
16.3898,2
16.4462,1
16.5028,2
16.5596,2
16.6166,3
16.6738,3
16.7312,1
16.7888,1
16.8466,2
16.9046,1
16.9628,1
17.0212,2
17.0798,2
17.1385,1
17.1975,2
17.2567,2
17.3161,3
17.3757,2
17.4356,0
17.4956,0
17.5558,2
17.6162,0
17.6769,0
17.7377,0
17.7988,1
17.86,0
17.9215,0
17.9832,0
18.0451,0
18.1072,2
18.1696,2
18.2321,0
18.2949,0
18.3578,0
18.421,0
18.4844,2
18.5481,1
18.6119,0
18.676,0
18.7403,0
18.8048,0
18.8695,0
18.9345,0
18.9996,0
19.065,0
19.1307,0
19.1965,0
19.2626,0
19.3289,0
19.3954,0
19.4622,0
19.5292,0
19.5964,0
19.6639,0
19.7316,2
19.7995,0
19.8676,0
19.936,0
20.0046,0
20.0735,1
20.1426,0
20.2119,0
20.2815,0
20.3513,0
20.4214,0
20.4917,0
20.5622,0
20.633,0
20.704,0
20.7753,1
20.8468,0
20.9186,0
20.9906,1
21.0628,0
21.1353,3
21.2081,0
21.2811,0
21.3543,0
21.4278,0
21.5016,0
21.5756,0
21.6499,1
21.7244,0
21.7992,0
21.8742,0
21.9495,0
22.0251,0
22.1009,0
22.177,0
22.2533,0
22.3299,0
22.4068,0
22.4839,0
22.5613,0
22.6389,0
22.7169,0
22.7951,0
22.8735,0
22.9523,0
23.0313,0
23.1106,0
23.1901,0
23.2699,0
23.35,0
23.4304,0
23.5111,0
23.592,0
23.6732,0
23.7547,0
23.8365,0
23.9185,0
24.0008,0
24.0835,0
24.1664,0
24.2496,0
24.333,0
24.4168,0
24.5008,0
24.5852,0
24.6698,0
24.7547,0
24.8399,0
24.9254,0
25.0112,0
25.0973,0
25.1837,0
25.2704,0
25.3574,0
25.4447,0
25.5323,0
25.6202,0
25.7083,0
25.7968,0
25.8856,0
25.9747,0
26.0641,0
26.1539,0
26.2439,0
26.3342,0
26.4249,0
26.5158,0
26.6071,0
26.6987,0
26.7906,0
26.8828,0
26.9754,0
27.0682,0
27.1614,0
27.2549,0
27.3487,0
27.4428,0
27.5373,0
27.6321,0
27.7272,0
27.8227,0
27.9184,0
28.0145,0
28.111,0
28.2077,0
28.3048,0
28.4023,0
28.5,0
28.5981,0
28.6966,0
28.7954,0
28.8945,0
28.9939,0
29.0937,0
29.1939,0
29.2944,0
29.3952,0
29.4964,0
29.5979,0
29.6998,0
29.802,0
29.9046,0
30.0076,0
30.1109,0
30.2145,0
30.3185,0
30.4229,0
30.5276,0
30.6327,0
30.7381,0
30.8439,0
30.9501,0
31.0566,0
31.1636,0
31.2708,0
31.3785,0
31.4865,0
31.5949,0
31.7036,0
31.8128,0
31.9223,0
32.0321,0
32.1424,0
32.253,0
32.3641,0
32.4755,0
32.5873,0
32.6994,0
32.812,0
32.9249,0
33.0383,0
33.152,0
33.2661,0
33.3806,0
33.4955,0
33.6108,0
33.7265,0
33.8426,0
33.9591,0
34.076,0
34.1933,0
34.311,0
34.4291,0
34.5476,0
34.6665,0
34.7859,0
34.9056,0
35.0258,0
35.1463,0
35.2673,0
35.3887,0
35.5105,0
35.6328,0
35.7554,0
35.8785,0
36.002,0
36.1259,0
36.2503,0
36.3751,0
36.5003,0
36.6259,0
36.752,0
36.8785,0
37.0054,0
37.1328,0
37.2606,0
37.3889,0
37.5176,0
37.6468,0
37.7763,0
37.9064,0
38.0369,0
38.1678,0
38.2992,0
38.431,0
38.5633,0
38.696,0
38.8292,0
38.9629,0
39.097,0
39.2316,0
39.3666,0
39.5022,0
39.6381,0
39.7746,0
39.9115,0
40.0489,0
40.1867,0
40.3251,0
40.4639,0
40.6032,0
40.7429,0
40.8832,0
41.0239,0
41.1651,0
41.3068,0
41.449,0
41.5917,0
41.7348,0
41.8785,0
42.0227,0
42.1673,0
42.3125,0
42.4581,0
42.6043,0
42.7509,0
42.8981,0
43.0457,0
43.1939,0
43.3426,0
43.4918,0
43.6415,0
43.7917,0
43.9425,0
44.0937,0
44.2455,0
44.3978,0
44.5506,0
44.704,0
44.8579,0
45.0123,0
45.1672,0
45.3227,0
45.4787,0
45.6353,0
45.7923,0
45.95,0
46.1081,0
46.2669,0
46.4261,0
46.5859,0
46.7463,0
46.9072,0
47.0687,0
47.2307,0
47.3933,0
47.5564,0
47.7201,0
47.8844,0
48.0492,0
48.2146,0
48.3806,0
48.5471,0
48.7142,0
48.8819,0
49.0501,0
49.219,0
49.3884,0
49.5584,0
49.729,0
49.9002,0
50.072,0
50.2443,0
50.4173,0
50.5908,0
50.765,0
50.9397,0
51.1151,0
51.291,0
51.4676,0
51.6447,0
51.8225,0
52.0009,0
52.1799,0
52.3595,0
52.5397,0
52.7206,0
52.9021,0
53.0842,0
53.2669,0
53.4502,0
53.6342,0
53.8188,0
54.0041,0
54.19,0
54.3765,0
54.5637,0
54.7515,0
54.94,0
55.1291,0
55.3189,0
55.5093,0
55.7004,0
55.8921,0
56.0845,0
56.2776,0
56.4713,0
56.6657,0
56.8607,0
57.0565,0
57.2529,0
57.4499,0
57.6477,0
57.8461,0
58.0452,0
58.245,0
58.4455,0
58.6467,0
58.8486,0
59.0512,0
59.2544,0
59.4584,0
59.6631,0
59.8684,0
60.0745,0
60.2813,0
60.4888,0
60.697,0
60.906,0
61.1156,0
61.326,0
61.5371,0
61.7489,0
61.9615,0
62.1748,0
62.3888,0
62.6035,0
62.819,0
63.0353,0
63.2522,0
63.47,0
63.6885,0
63.9077,0
64.1277,0
64.3484,0
64.5699,0
64.7922,0
65.0152,0
65.239,0
65.4636,0
65.6889,0
65.915,0
66.1419,0
66.3696,0
66.5981,0
66.8273,0
67.0573,0
67.2882,0
67.5198,0
67.7522,0
67.9854,0
68.2194,0
68.4543,0
68.6899,0
68.9264,0
69.1636,0
69.4017,0
69.6406,0
69.8803,0
70.1209,0
70.3622,0
70.6044,0
70.8475,0
71.0913,0
71.336,0
71.5816,0
71.828,0
72.0753,0
72.3234,0
72.5723,0
72.8221,0
73.0728,0
73.3243,0
73.5767,0
73.83,0
74.0841,0
74.3391,0
74.595,0
74.8518,0
75.1095,0
75.368,0
75.6274,0
75.8878,0
76.149,0
76.4111,0
76.6741,0
76.9381,0
77.2029,0
77.4687,0
77.7353,0
78.0029,0
78.2714,0
78.5408,0
78.8112,0
79.0825,0
79.3547,0
79.6279,0
79.902,0
80.177,0
80.453,0
80.7299,0
81.0078,0
81.2867,0
81.5665,0
81.8472,0
82.129,0
82.4117,0
82.6954,0
82.98,0
83.2656,0
83.5523,0
83.8399,0
84.1285,0
84.4181,0
84.7086,0
85.0002,0
85.2928,0
85.5864,0
85.881,0
86.1767,0
86.4733,0
86.771,0
87.0696,0
87.3693,0
87.6701,0
87.9719,0
88.2747,0
88.5786,0
88.8835,0
89.1894,0
89.4964,0
89.8045,0
90.1136,0
90.4238,0
90.7351,0
91.0474,0
91.3608,0
91.6753,0
91.9909,0
92.3075,0
92.6253,0
92.9441,0
93.264,0
93.5851,0
93.9072,0
94.2305,0
94.5548,0
94.8803,0
95.2069,0
95.5346,0
95.8635,0
96.1935,0
96.5246,0
96.8568,0
97.1902,0
97.5248,0
97.8605,0
98.1974,0
98.5354,0
98.8746,0
99.2149,0
99.5564,0
99.8991,0
100.243,0
100.588,0
100.934,0
101.282,0
101.63,0
101.98,0
102.331,0
102.684,0
103.037,0
103.392,0
103.748,0
104.105,0
104.463,0
104.823,0
105.183,0
105.545,0
105.909,0
106.273,0
106.639,0
107.006,0
107.375,0
107.744,0
108.115,0
108.487,0
108.861,0
109.235,0
109.611,0
109.989,0
110.367,0
110.747,0
111.128,0
111.511,0
111.895,0
112.28,0
112.666,0
113.054,0
113.443,0
113.834,0
114.226,0
114.619,0
115.014,0
115.409,0
115.807,0
116.205,0
116.605,0
117.007,0
117.41,0
117.814,0
118.219,0
118.626,0
119.034,0
119.444,0
119.855,0
120.268,0
120.682,0
121.097,0
121.514,0
121.932,0
122.352,0
122.773,0
123.196,0
123.62,0
124.046,0
124.473,0
124.901,0
125.331,0
125.762,0
126.195,0
126.63,0
127.066,0
127.503,0
127.942,0
128.382,0
128.824,0
129.268,0
129.713,0
130.159,0
130.607,0
131.057,0
131.508,0
131.961,0
132.415,0
132.871,0
133.328,0
133.787,0
134.247,0
134.709,0
135.173,0
135.638,0
136.105,0
136.574,0
137.044,0
137.516,0
137.989,0
138.464,0
138.941,0
139.419,0
139.899,0
140.38,0
140.864,0
141.349,0
141.835,0
142.323,0
142.813,0
143.305,0
143.798,0
144.293,0
144.79,0
145.288,0
145.788,0
146.29,0
146.794,0
147.299,0
147.806,0
148.315,0
148.825,0
149.338,0
149.852,0
150.368,0
150.885,0
151.405,0
151.926,0
152.449,0
152.973,0
153.5,0
154.028,0
154.559,0
155.091,0
155.624,0
156.16,0
156.698,0
157.237,0
157.778,0
158.321,0
158.866,0
159.413,0
159.962,0
160.513,0
161.065,0
161.62,0
162.176,0
162.734,0
163.294,0
163.856,0
164.42,0
164.986,0
165.554,0
166.124,0
166.696,0
167.27,0
167.846,0
168.423,0
169.003,0
169.585,0
170.169,0
170.754,0
171.342,0
171.932,0
172.524,0
173.118,0
173.714,0
174.312,0
174.912,0
175.514,0
176.118,0
176.724,0
177.332,0
177.943,0
178.555,0
179.17,0
179.787,0
180.406,0
181.027,0
181.65,0
182.275,0
182.902,0
183.532,0
184.164,0
184.798,0
185.434,0
186.072,0
186.713,0
187.355,0
188,0
188.647,0
189.297,0
189.948,0
190.602,0
191.258,0
191.917,0
192.577,0
193.24,0
193.905,0
194.573,0
195.243,0
195.915,0
196.589,0
197.266,0
197.945,0
198.626,0
199.31,0
199.996,0
200.684,0
201.375,0
202.068,0
202.764,0
203.462,0
204.162,0
204.865,0
205.57,0
206.278,0
206.988,0
207.7,0
208.415,0
209.133,0
209.853,0
210.575,0
211.3,0
212.027,0
212.757,0
213.489,0
214.224,0
214.962,0
215.702,0
216.444,0
217.189,0
217.937,0
218.687,0
219.44,0
220.195,0
220.953,0
221.714,0
222.477,0
223.243,0
224.011,0
224.782,0
225.556,0
226.332,0
227.111,0
227.893,0
228.678,0
229.465,0
230.255,0
231.047,0
231.843,0
232.641,0
233.441,0
234.245,0
235.051,0
235.86,0
236.672,0
237.487,0
238.304,0
239.125,0
239.948,0
240.774,0
241.603,0
242.434,0
243.269,0
244.106,0
244.946,0
245.79,0
246.636,0
247.485,0
248.337,0
249.191,0
250.049,0
250.91,0
251.774,0
252.64,0
253.51,0
254.383,0
255.258,0
256.137,0
257.019,0
257.903,0
258.791,0
259.682,0
260.576,0
261.473,0
262.373,0
263.276,0
264.182,0
265.092,0
266.004,0
266.92,0
267.838,0
268.76,0
269.686,0
270.614,0
271.545,0
272.48,0
273.418,0
274.359,0
275.304,0
276.251,0
277.202,0
278.156,0
279.114,0
280.075,0
281.039,0
282.006,0
282.977,0
283.951,0
284.928,0
285.909,0
286.893,0
287.881,0
288.872,0
289.866,0
290.864,0
291.865,0
292.87,0
293.878,0
294.89,0
295.905,0
296.923,0
297.945,0
298.971,0
300,
