0.01,3,943.765
0.0100344,5
0.010069,4
0.0101036,8
0.0101384,5
0.0101733,5
0.0102083,6
0.0102435,6
0.0102787,4
0.0103141,5
0.0103496,4
0.0103852,8
0.010421,10
0.0104568,11
0.0104928,14
0.010529,13
0.0105652,16
0.0106016,19
0.0106381,21
0.0106747,18
0.0107114,13
0.0107483,20
0.0107853,20
0.0108224,22
0.0108597,30
0.0108971,23
0.0109346,38
0.0109722,59
0.01101,70
0.0110479,77
0.0110859,217
0.0111241,337
0.0111624,317
0.0112008,348
0.0112393,373
0.011278,321
0.0113168,332
0.0113558,332
0.0113949,333
0.0114341,324
0.0114735,342
0.011513,310
0.0115526,330
0.0115924,312
0.0116323,322
0.0116723,309
0.0117125,279
0.0117528,315
0.0117933,314
0.0118339,269
0.0118746,299
0.0119155,286
0.0119565,299
0.0119976,304
0.0120389,281
0.0120804,320
0.012122,265
0.0121637,281
0.0122056,285
0.0122476,292
0.0122897,330
0.012332,293
0.0123745,296
0.0124171,293
0.0124598,277
0.0125027,261
0.0125458,282
0.0125889,293
0.0126323,282
0.0126758,271
0.0127194,287
0.0127632,254
0.0128071,286
0.0128512,267
0.0128954,245
0.0129398,260
0.0129844,248
0.0130291,235
0.0130739,251
0.0131189,273
0.0131641,261
0.0132094,257
0.0132548,249
0.0133005,259
0.0133463,247
0.0133922,241
0.0134383,255
0.0134846,262
0.013531,247
0.0135775,226
0.0136243,251
0.0136712,257
0.0137182,254
0.0137655,261
0.0138128,227
0.0138604,212
0.0139081,222
0.013956,249
0.014004,204
0.0140522,233
0.0141006,227
0.0141491,238
0.0141978,210
0.0142467,251
0.0142957,203
0.014345,229
0.0143943,241
0.0144439,229
0.0144936,212
0.0145435,185
0.0145936,216
0.0146438,233
0.0146942,215
0.0147448,209
0.0147955,215
0.0148465,202
0.0148976,184
0.0149488,273
0.0150003,202
0.0150519,201
0.0151038,206
0.0151557,210
0.0152079,189
0.0152603,211
0.0153128,201
0.0153655,207
0.0154184,217
0.0154715,218
0.0155247,197
0.0155782,200
0.0156318,190
0.0156856,172
0.0157396,187
0.0157938,196
0.0158481,187
0.0159027,198
0.0159574,205
0.0160124,174
0.0160675,198
0.0161228,183
0.0161783,1594
0.016234,232
0.0162898,282
0.0163459,227
0.0164022,208
0.0164586,240
0.0165153,186
0.0165722,218
0.0166292,190
0.0166864,199
0.0167439,213
0.0168015,231
0.0168593,266
0.0169174,216
0.0169756,237
0.0170341,205
0.0170927,190
0.0171515,177
0.0172106,193
0.0172698,179
0.0173293,179
0.0173889,178
0.0174488,150
0.0175088,189
0.0175691,167
0.0176296,175
0.0176903,186
0.0177511,163
0.0178123,159
0.0178736,158
0.0179351,178
0.0179968,134
0.0180588,140
0.0181209,152
0.0181833,153
0.0182459,163
0.0183087,140
0.0183717,141
0.018435,136
0.0184984,156
0.0185621,165
0.018626,145
0.0186901,137
0.0187545,151
0.018819,145
0.0188838,181
0.0189488,118
0.019014,148
0.0190795,140
0.0191451,142
0.019211,133
0.0192772,125
0.0193435,114
0.0194101,133
0.0194769,122
0.019544,118
0.0196112,129
0.0196788,126
0.0197465,114
0.0198145,128
0.0198827,136
0.0199511,123
0.0200198,1283
0.0200887,166
0.0201579,227
0.0202272,135
0.0202969,137
0.0203667,170
0.0204368,147
0.0205072,122
0.0205778,159
0.0206486,198
0.0207197,133
0.020791,126
0.0208626,152
0.0209344,140
0.0210065,127
0.0210788,134
0.0211513,134
0.0212241,97
0.0212972,144
0.0213705,147
0.0214441,119
0.0215179,105
0.0215919,114
0.0216663,129
0.0217408,123
0.0218157,107
0.0218908,112
0.0219661,134
0.0220417,102
0.0221176,102
0.0221938,138
0.0222701,112
0.0223468,107
0.0224237,112
0.0225009,127
0.0225784,132
0.0226561,130
0.0227341,123
0.0228123,117
0.0228909,128
0.0229697,108
0.0230487,121
0.0231281,141
0.0232077,135
0.0232876,128
0.0233677,149
0.0234482,145
0.0235289,147
0.0236099,145
0.0236911,139
0.0237727,126
0.0238545,130
0.0239366,121
0.024019,779
0.0241017,194
0.0241847,167
0.0242679,174
0.0243514,182
0.0244353,177
0.0245194,162
0.0246038,162
0.0246885,184
0.0247735,170
0.0248587,183
0.0249443,145
0.0250302,155
0.0251163,170
0.0252028,169
0.0252895,151
0.0253766,129
0.0254639,172
0.0255516,145
0.0256396,153
0.0257278,155
0.0258164,162
0.0259052,165
0.0259944,140
0.0260839,158
0.0261737,165
0.0262638,154
0.0263542,148
0.0264449,143
0.0265359,157
0.0266273,166
0.0267189,159
0.0268109,166
0.0269032,176
0.0269958,150
0.0270887,160
0.027182,143
0.0272755,167
0.0273694,174
0.0274636,184
0.0275582,179
0.027653,178
0.0277482,155
0.0278437,136
0.0279396,165
0.0280357,148
0.0281323,174
0.0282291,173
0.0283263,172
0.0284238,188
0.0285216,180
0.0286198,154
0.0287183,158
0.0288172,207
0.0289164,143
0.0290159,181
0.0291158,165
0.029216,163
0.0293166,160
0.0294175,188
0.0295187,161
0.0296203,145
0.0297223,175
0.0298246,198
0.0299273,161
0.0300303,167
0.0301337,168
0.0302374,142
0.0303415,187
0.0304459,182
0.0305507,163
0.0306559,162
0.0307614,160
0.0308673,155
0.0309735,153
0.0310802,178
0.0311872,187
0.0312945,157
0.0314022,152
0.0315103,169
0.0316188,164
0.0317276,157
0.0318368,210
0.0319464,161
0.0320564,142
0.0321667,178
0.0322775,189
0.0323886,197
0.0325001,188
0.0326119,181
0.0327242,165
0.0328368,170
0.0329499,214
0.0330633,165
0.0331771,170
0.0332913,166
0.0334059,183
0.0335209,181
0.0336363,164
0.0337521,162
0.0338682,163
0.0339848,164
0.0341018,171
0.0342192,168
0.034337,162
0.0344552,170
0.0345738,158
0.0346928,149
0.0348122,168
0.034932,156
0.0350523,192
0.035173,200
0.035294,155
0.0354155,165
0.0355374,162
0.0356597,163
0.0357825,157
0.0359057,192
0.0360293,165
0.0361533,210
0.0362777,206
0.0364026,184
0.0365279,174
0.0366537,180
0.0367798,181
0.0369064,186
0.0370335,201
0.0371609,182
0.0372889,160
0.0374172,179
0.037546,177
0.0376753,177
0.0378049,163
0.0379351,173
0.0380657,163
0.0381967,164
0.0383282,177
0.0384601,172
0.0385925,184
0.0387253,151
0.0388586,175
0.0389924,179
0.0391266,166
0.0392613,162
0.0393965,171
0.0395321,185
0.0396681,153
0.0398047,177
0.0399417,182
0.0400792,205
0.0402172,210
0.0403556,196
0.0404945,173
0.0406339,197
0.0407738,199
0.0409141,190
0.041055,182
0.0411963,168
0.0413381,184
0.0414804,180
0.0416232,175
0.0417664,193
0.0419102,199
0.0420545,178
0.0421992,173
0.0423445,192
0.0424903,195
0.0426365,199
0.0427833,192
0.0429306,198
0.0430783,176
0.0432266,186
0.0433754,169
0.0435247,189
0.0436745,193
0.0438249,191
0.0439757,179
0.0441271,200
0.044279,200
0.0444314,164
0.0445844,213
0.0447378,174
0.0448918,183
0.0450464,198
0.0452014,185
0.045357,209
0.0455131,184
0.0456698,180
0.045827,179
0.0459848,187
0.0461431,225
0.0463019,203
0.0464613,186
0.0466212,213
0.0467817,209
0.0469427,198
0.0471043,176
0.0472664,163
0.0474291,181
0.0475924,200
0.0477562,184
0.0479206,190
0.0480856,198
0.0482511,209
0.0484172,464
0.0485839,242
0.0487511,213
0.0489189,215
0.0490873,204
0.0492563,185
0.0494258,227
0.0495959,204
0.0497667,226
0.049938,214
0.0501099,208
0.0502824,195
0.0504554,191
0.0506291,224
0.0508034,223
0.0509783,221
0.0511538,210
0.0513298,231
0.0515065,202
0.0516838,219
0.0518617,195
0.0520403,210
0.0522194,195
0.0523991,209
0.0525795,202
0.0527605,219
0.0529421,201
0.0531244,204
0.0533072,221
0.0534907,214
0.0536748,213
0.0538596,217
0.054045,191
0.054231,203
0.0544177,259
0.054605,243
0.054793,228
0.0549816,230
0.0551709,223
0.0553608,198
0.0555513,238
0.0557426,235
0.0559344,226
0.056127,222
0.0563202,237
0.056514,211
0.0567086,216
0.0569038,233
0.0570997,222
0.0572962,237
0.0574934,224
0.0576913,261
0.0578899,252
0.0580892,222
0.0582892,226
0.0584898,259
0.0586911,249
0.0588932,250
0.0590959,260
0.0592993,222
0.0595034,243
0.0597083,245
0.0599138,240
0.06012,235
0.060327,253
0.0605346,280
0.060743,249
0.0609521,250
0.0611619,262
0.0613724,261
0.0615837,220
0.0617957,220
0.0620084,239
0.0622218,262
0.062436,259
0.0626509,252
0.0628666,277
0.063083,260
0.0633001,254
0.063518,256
0.0637367,245
0.0639561,241
0.0641762,273
0.0643971,256
0.0646188,249
0.0648412,243
0.0650644,252
0.0652884,260
0.0655131,264
0.0657387,241
0.0659649,271
0.066192,273
0.0664199,273
0.0666485,266
0.0668779,279
0.0671081,275
0.0673391,309
0.0675709,280
0.0678035,259
0.0680369,290
0.0682711,270
0.0685061,302
0.0687419,278
0.0689785,263
0.069216,293
0.0694542,266
0.0696933,270
0.0699332,264
0.0701739,278
0.0704155,292
0.0706579,288
0.0709011,271
0.0711452,288
0.0713901,275
0.0716358,271
0.0718824,311
0.0721298,314
0.0723781,281
0.0726273,261
0.0728773,293
0.0731281,288
0.0733798,293
0.0736324,281
0.0738859,275
0.0741402,342
0.0743954,309
0.0746515,311
0.0749085,302
0.0751663,281
0.0754251,328
0.0756847,326
0.0759452,320
0.0762067,350
0.076469,319
0.0767322,313
0.0769963,328
0.0772614,300
0.0775273,297
0.0777942,303
0.078062,313
0.0783307,327
0.0786003,315
0.0788709,314
0.0791424,357
0.0794148,323
0.0796882,319
0.0799625,319
0.0802377,301
0.0805139,317
0.080791,350
0.0810692,331
0.0813482,332
0.0816282,308
0.0819092,324
0.0821912,327
0.0824741,349
0.082758,318
0.0830428,341
0.0833287,330
0.0836155,353
0.0839034,355
0.0841922,308
0.084482,347
0.0847728,358
0.0850646,353
0.0853574,365
0.0856512,360
0.0859461,358
0.0862419,321
0.0865388,361
0.0868367,365
0.0871356,403
0.0874355,352
0.0877365,363
0.0880385,353
0.0883415,367
0.0886456,373
0.0889508,360
0.089257,377
0.0895642,356
0.0898725,388
0.0901819,386
0.0904923,392
0.0908038,409
0.0911164,354
0.09143,417
0.0917447,376
0.0920605,375
0.0923774,380
0.0926954,370
0.0930145,408
0.0933347,363
0.0936559,386
0.0939783,407
0.0943018,401
0.0946264,400
0.0949522,378
0.095279,402
0.095607,397
0.0959361,391
0.0962663,367
0.0965977,375
0.0969302,416
0.0972638,374
0.0975986,461
0.0979346,435
0.0982717,406
0.09861,410
0.0989494,435
0.09929,421
0.0996318,396
0.0999748,438
0.100319,425
0.100664,397
0.101011,462
0.101358,428
0.101707,383
0.102057,402
0.102409,441
0.102761,451
0.103115,421
0.10347,460
0.103826,438
0.104183,459
0.104542,466
0.104902,433
0.105263,450
0.105625,445
0.105989,432
0.106354,432
0.10672,433
0.107087,470
0.107456,457
0.107826,412
0.108197,425
0.108569,502
0.108943,475
0.109318,501
0.109694,469
0.110072,473
0.110451,464
0.110831,475
0.111213,490
0.111595,465
0.11198,458
0.112365,484
0.112752,503
0.11314,497
0.113529,528
0.11392,531
0.114312,487
0.114706,462
0.115101,525
0.115497,509
0.115894,507
0.116293,495
0.116694,518
0.117095,505
0.117498,499
0.117903,532
0.118309,532
0.118716,504
0.119125,520
0.119535,542
0.119946,540
0.120359,532
0.120773,541
0.121189,545
0.121606,548
0.122025,542
0.122445,545
0.122866,542
0.123289,523
0.123714,584
0.124139,546
0.124567,574
0.124996,573
0.125426,587
0.125858,592
0.126291,526
0.126726,539
0.127162,607
0.127599,616
0.128039,595
0.128479,615
0.128922,627
0.129365,586
0.129811,627
0.130258,652
0.130706,625
0.131156,588
0.131607,610
0.13206,607
0.132515,633
0.132971,655
0.133429,603
0.133888,636
0.134349,661
0.134811,594
0.135276,655
0.135741,645
0.136208,647
0.136677,598
0.137148,619
0.13762,630
0.138094,704
0.138569,631
0.139046,687
0.139525,631
0.140005,652
0.140487,700
0.14097,672
0.141456,691
0.141943,741
0.142431,660
0.142921,666
0.143413,661
0.143907,658
0.144402,673
0.144899,734
0.145398,750
0.145899,657
0.146401,670
0.146905,710
0.147411,699
0.147918,702
0.148427,703
0.148938,704
0.149451,747
0.149965,771
0.150481,746
0.150999,736
0.151519,701
0.152041,781
0.152564,763
0.153089,741
0.153616,784
0.154145,727
0.154676,731
0.155208,791
0.155742,781
0.156278,776
0.156816,803
0.157356,759
0.157898,810
0.158441,786
0.158987,783
0.159534,798
0.160083,774
0.160634,787
0.161187,783
0.161742,734
0.162299,786
0.162857,767
0.163418,773
0.163981,868
0.164545,861
0.165111,830
0.16568,840
0.16625,826
0.166822,885
0.167397,884
0.167973,868
0.168551,911
0.169131,841
0.169713,886
0.170298,837
0.170884,864
0.171472,826
0.172062,896
0.172654,949
0.173249,866
0.173845,865
0.174444,851
0.175044,896
0.175647,898
0.176251,915
0.176858,939
0.177467,936
0.178078,969
0.178691,974
0.179306,916
0.179923,935
0.180542,999
0.181164,884
0.181787,916
0.182413,955
0.183041,971
0.183671,974
0.184303,971
0.184938,947
0.185574,967
0.186213,1011
0.186854,961
0.187497,961
0.188143,972
0.18879,1037
0.18944,1022
0.190092,1046
0.190747,996
0.191403,976
0.192062,1007
0.192723,1085
0.193387,1055
0.194052,1107
0.19472,1028
0.19539,1090
0.196063,1032
0.196738,1068
0.197415,1070
0.198095,1079
0.198777,1096
0.199461,1050
0.200147,1081
0.200836,1079
0.201528,1148
0.202221,1024
0.202917,1110
0.203616,1138
0.204317,1118
0.20502,1152
0.205726,1137
0.206434,1192
0.207145,1164
0.207858,1185
0.208573,1087
0.209291,1167
0.210012,1197
0.210734,1212
0.21146,1197
0.212188,1165
0.212918,1143
0.213651,1178
0.214386,1222
0.215124,1261
0.215865,1151
0.216608,1314
0.217354,1229
0.218102,1200
0.218853,1255
0.219606,1256
0.220362,1273
0.22112,1310
0.221882,1264
0.222645,1291
0.223412,1375
0.224181,1347
0.224952,1246
0.225727,1246
0.226504,1336
0.227283,1345
0.228066,1348
0.228851,1335
0.229639,1308
0.230429,1403
0.231222,1347
0.232018,1407
0.232817,1353
0.233618,1398
0.234422,1447
0.235229,1389
0.236039,1361
0.236852,1354
0.237667,1346
0.238485,1404
0.239306,1438
0.24013,1341
0.240956,1390
0.241786,1417
0.242618,1452
0.243453,1455
0.244291,1470
0.245132,1426
0.245976,1438
0.246822,1511
0.247672,1569
0.248525,1508
0.24938,1422
0.250239,1535
0.2511,1569
0.251964,1565
0.252832,1576
0.253702,1479
0.254575,1533
0.255452,1636
0.256331,1609
0.257213,1607
0.258099,1630
0.258987,1628
0.259878,1609
0.260773,1631
0.261671,1603
0.262571,1652
0.263475,1654
0.264382,1715
0.265292,1699
0.266205,1602
0.267122,1638
0.268041,1726
0.268964,1656
0.26989,1671
0.270819,1630
0.271751,1662
0.272686,1665
0.273625,1798
0.274567,1756
0.275512,1692
0.27646,1818
0.277412,1723
0.278367,1799
0.279325,1753
0.280287,1753
0.281252,1835
0.28222,1723
0.283191,1840
0.284166,1814
0.285144,1775
0.286126,1867
0.287111,1912
0.288099,1847
0.289091,1854
0.290086,1890
0.291084,1876
0.292086,2002
0.293092,1897
0.294101,1972
0.295113,1935
0.296129,1938
0.297148,2002
0.298171,1905
0.299197,2011
0.300227,2012
0.301261,1982
0.302298,1923
0.303338,2015
0.304382,2046
0.30543,2079
0.306482,2034
0.307536,2048
0.308595,2095
0.309657,2047
0.310723,2188
0.311793,2110
0.312866,2240
0.313943,2083
0.315024,2125
0.316108,2119
0.317196,2106
0.318288,2254
0.319384,2180
0.320483,2163
0.321586,2195
0.322693,2266
0.323804,2242
0.324919,2251
0.326037,2364
0.327159,2211
0.328286,2295
0.329416,2287
0.330549,2212
0.331687,2460
0.332829,2295
0.333975,2266
0.335124,2387
0.336278,2329
0.337435,2384
0.338597,2456
0.339763,2391
0.340932,2536
0.342106,2472
0.343283,2461
0.344465,2375
0.345651,2434
0.34684,2470
0.348034,2426
0.349232,2507
0.350434,2641
0.351641,2583
0.352851,2543
0.354066,2454
0.355285,2626
0.356508,2518
0.357735,2640
0.358966,2666
0.360202,2698
0.361442,2657
0.362686,2692
0.363934,2739
0.365187,2690
0.366444,2715
0.367705,2648
0.368971,2681
0.370241,2767
0.371516,2870
0.372795,2791
0.374078,2888
0.375365,2841
0.376658,2738
0.377954,2845
0.379255,2941
0.380561,2834
0.381871,2892
0.383185,2980
0.384504,2943
0.385828,2891
0.387156,2864
0.388488,2977
0.389826,3062
0.391168,2921
0.392514,3060
0.393865,3050
0.395221,3053
0.396581,3073
0.397946,3041
0.399316,3068
0.400691,3132
0.40207,3090
0.403454,3136
0.404843,3076
0.406236,3101
0.407635,3160
0.409038,3164
0.410446,3281
0.411859,3280
0.413277,3174
0.414699,3293
0.416127,3251
0.417559,3215
0.418996,3233
0.420439,3329
0.421886,3289
0.423338,3400
0.424795,3357
0.426258,3552
0.427725,3348
0.429197,3484
0.430675,3506
0.432157,3455
0.433645,3449
0.435137,3602
0.436635,3531
0.438138,3524
0.439646,3570
0.44116,3456
0.442678,3710
0.444202,3704
0.445731,3601
0.447265,3635
0.448805,3800
0.45035,3789
0.4519,3673
0.453456,3838
0.455017,3737
0.456583,3787
0.458155,3867
0.459732,3850
0.461314,3792
0.462902,3852
0.464495,3830
0.466094,3921
0.467699,3936
0.469309,3928
0.470924,4030
0.472545,3909
0.474172,3927
0.475804,3989
0.477442,4041
0.479085,4139
0.480734,4131
0.482389,4137
0.48405,4159
0.485716,4171
0.487388,4232
0.489066,4177
0.490749,4187
0.492438,4281
0.494133,4281
0.495834,4272
0.497541,4335
0.499254,4342
0.500972,4332
0.502697,4367
0.504427,4363
0.506164,4448
0.507906,4441
0.509654,4499
0.511409,4391
0.513169,4535
0.514935,4474
0.516708,4589
0.518486,4589
0.520271,4608
0.522062,4462
0.523859,4668
0.525662,4678
0.527472,4659
0.529288,4669
0.531109,4754
0.532938,4751
0.534772,4865
0.536613,4643
0.53846,4698
0.540314,4795
0.542174,4855
0.54404,5031
0.545913,4854
0.547792,4876
0.549677,4971
0.551569,5003
0.553468,5063
0.555373,5108
0.557285,4934
0.559203,5012
0.561128,4942
0.56306,5117
0.564998,5318
0.566943,5184
0.568894,5174
0.570853,5162
0.572818,5352
0.574789,5225
0.576768,5262
0.578753,5325
0.580745,5508
0.582744,5414
0.58475,5428
0.586763,5399
0.588783,5395
0.59081,5521
0.592843,5578
0.594884,5611
0.596932,5623
0.598987,5629
0.601049,5520
0.603117,5771
0.605194,5802
0.607277,5771
0.609367,5874
0.611465,5926
0.61357,5983
0.615682,5958
0.617801,5867
0.619927,5884
0.622061,5924
0.624203,6088
0.626351,6000
0.628507,6000
0.630671,6055
0.632842,6123
0.63502,6100
0.637206,6121
0.639399,6110
0.6416,6231
0.643809,6386
0.646025,6306
0.648249,6347
0.65048,6353
0.652719,6467
0.654966,6579
0.657221,6484
0.659483,6658
0.661753,6617
0.664031,6628
0.666317,6647
0.66861,6605
0.670912,6668
0.673221,6667
0.675539,6681
0.677864,6726
0.680197,6761
0.682539,6951
0.684888,6832
0.687246,6876
0.689611,7019
0.691985,7205
0.694367,6945
0.696757,7161
0.699156,7103
0.701562,7176
0.703977,7221
0.706401,7217
0.708832,7303
0.711272,7260
0.713721,7413
0.716177,7410
0.718643,7448
0.721116,7565
0.723599,7470
0.726089,7677
0.728589,7731
0.731097,7693
0.733613,7582
0.736139,7681
0.738673,7936
0.741215,12172
0.743767,7877
0.746327,7926
0.748896,7878
0.751474,7842
0.754061,7919
0.756656,7965
0.759261,8157
0.761874,9698
0.764497,8052
0.767128,8049
0.769769,8163
0.772419,8269
0.775078,8319
0.777746,8284
0.780423,8458
0.783109,8412
0.785805,8482
0.78851,8532
0.791224,8580
0.793948,8489
0.79668,8517
0.799423,8645
0.802175,8831
0.804936,8876
0.807707,8765
0.810487,8691
0.813277,8919
0.816076,8883
0.818885,9046
0.821704,8960
0.824533,9093
0.827371,9177
0.830219,9196
0.833077,9229
0.835944,9230
0.838822,9303
0.841709,9143
0.844607,9455
0.847514,9408
0.850431,9434
0.853359,9618
0.856296,9543
0.859244,9719
0.862201,9753
0.865169,9712
0.868147,9699
0.871136,9840
0.874135,9784
0.877143,10031
0.880163,9878
0.883193,10114
0.886233,10161
0.889283,10154
0.892344,10438
0.895416,10265
0.898498,10104
0.901591,10164
0.904695,10383
0.907809,10400
0.910934,10471
0.914069,10996
0.917216,10447
0.920373,10662
0.923541,10699
0.92672,10686
0.92991,10825
0.933111,11105
0.936323,10891
0.939546,10863
0.94278,11160
0.946026,10941
0.949282,11056
0.95255,11073
0.955829,11159
0.959119,11307
0.96242,11304
0.965733,11247
0.969057,11583
0.972393,11491
0.97574,11549
0.979099,11666
0.982469,11814
0.985851,11934
0.989245,11829
0.99265,11826
0.996067,12073
0.999495,11886
1.00294,11750
1.00639,11884
1.00985,11914
1.01333,12319
1.01682,12354
1.02032,12424
1.02383,12074
1.02735,12345
1.03089,12431
1.03444,12470
1.038,12793
1.04157,12694
1.04516,12670
1.04876,12904
1.05237,12979
1.05599,13164
1.05962,12856
1.06327,12825
1.06693,12929
1.0706,13178
1.07429,13015
1.07799,13107
1.0817,13127
1.08542,13470
1.08916,13375
1.09291,13419
1.09667,13428
1.10044,13575
1.10423,13843
1.10803,13665
1.11185,13341
1.11567,13694
1.11951,13802
1.12337,13767
1.12723,13806
1.13111,14038
1.13501,13876
1.13891,14341
1.14283,14255
1.14677,14150
1.15072,14361
1.15468,14382
1.15865,14559
1.16264,14393
1.16664,14472
1.17066,14700
1.17469,15015
1.17873,14711
1.18279,14927
1.18686,14880
1.19095,14663
1.19505,14947
1.19916,15065
1.20329,15350
1.20743,15013
1.21158,15413
1.21576,15327
1.21994,15261
1.22414,15283
1.22835,15539
1.23258,15648
1.23682,15456
1.24108,15840
1.24535,15416
1.24964,15669
1.25394,15854
1.25826,15785
1.26259,15852
1.26694,15925
1.2713,16137
1.27567,16155
1.28006,16126
1.28447,16317
1.28889,16189
1.29333,16018
1.29778,16347
1.30225,16403
1.30673,16652
1.31123,16244
1.31574,16602
1.32027,16794
1.32482,16672
1.32938,16504
1.33395,17011
1.33854,16655
1.34315,16772
1.34777,17275
1.35241,16793
1.35707,17375
1.36174,16915
1.36643,17244
1.37113,17464
1.37585,17439
1.38059,17380
1.38534,17347
1.39011,17367
1.39489,17406
1.3997,17519
1.40451,17205
1.40935,17362
1.4142,17650
1.41907,17605
1.42395,17777
1.42885,17652
1.43377,17753
1.43871,17933
1.44366,17967
1.44863,17721
1.45362,18079
1.45862,18121
1.46364,18151
1.46868,18287
1.47373,18221
1.47881,17747
1.4839,18216
1.48901,18133
1.49413,18377
1.49927,18385
1.50443,18092
1.50961,18503
1.51481,18382
1.52002,18567
1.52526,18630
1.53051,18462
1.53577,18527
1.54106,18530
1.54637,18511
1.55169,18346
1.55703,18512
1.56239,18626
1.56777,18630
1.57316,18461
1.57858,18675
1.58401,18680
1.58947,18730
1.59494,18690
1.60043,18934
1.60594,18743
1.61146,18925
1.61701,19098
1.62258,18874
1.62816,18747
1.63377,19034
1.63939,19014
1.64503,18865
1.6507,18949
1.65638,19039
1.66208,18937
1.6678,19053
1.67354,18954
1.6793,19121
1.68508,19151
1.69088,18990
1.69671,19047
1.70255,18646
1.70841,18813
1.71429,18947
1.72019,19157
1.72611,19085
1.73205,19222
1.73801,18666
1.744,18903
1.75,18879
1.75602,19080
1.76207,18700
1.76813,18749
1.77422,18940
1.78033,18849
1.78645,18695
1.7926,18510
1.79877,18599
1.80497,18602
1.81118,19012
1.81741,18756
1.82367,19043
1.82995,18848
1.83625,18993
1.84257,19111
1.84891,18673
1.85527,18872
1.86166,18477
1.86807,19044
1.8745,18861
1.88095,18667
1.88743,18461
1.89392,18475
1.90044,18801
1.90698,18431
1.91355,18063
1.92014,18664
1.92674,18359
1.93338,18437
1.94003,18783
1.94671,18429
1.95341,18478
1.96014,18217
1.96688,18474
1.97365,18408
1.98045,18305
1.98726,18145
1.9941,18495
2.00097,17914
2.00786,18381
2.01477,18147
2.0217,18038
2.02866,18014
2.03565,18008
2.04265,17752
2.04968,17795
2.05674,17918
2.06382,17688
2.07092,17459
2.07805,17721
2.08521,17889
2.09238,17613
2.09959,17666
2.10681,17547
2.11406,17517
2.12134,17421
2.12864,17501
2.13597,17247
2.14332,17117
2.1507,17589
2.1581,17328
2.16553,17198
2.17299,16903
2.18047,17191
2.18797,16972
2.19551,17065
2.20306,17084
2.21065,16791
2.21826,17000
2.22589,16938
2.23355,16951
2.24124,16593
2.24896,16644
2.2567,16698
2.26447,16563
2.27226,16210
2.28008,16332
2.28793,16476
2.29581,16218
2.30371,16517
2.31164,16120
2.3196,16288
2.32758,16043
2.33559,16022
2.34363,16090
2.3517,15778
2.3598,15788
2.36792,15670
2.37607,15719
2.38425,15771
2.39245,15909
2.40069,15513
2.40895,15605
2.41725,15602
2.42557,15352
2.43392,15506
2.44229,15279
2.4507,15304
2.45914,15181
2.4676,15262
2.4761,15193
2.48462,14929
2.49317,15199
2.50175,14966
2.51037,15009
2.51901,15053
2.52768,14853
2.53638,14819
2.54511,14809
2.55387,14765
2.56266,14464
2.57148,14565
2.58033,14407
2.58922,14431
2.59813,14457
2.60707,14274
2.61605,14222
2.62505,14180
2.63409,14159
2.64315,14167
2.65225,14278
2.66138,14195
2.67054,13762
2.67974,13933
2.68896,14060
2.69822,13730
2.7075,13869
2.71682,13815
2.72618,13676
2.73556,13579
2.74498,13614
2.75443,13373
2.76391,13331
2.77342,13056
2.78297,13308
2.79255,13206
2.80216,13245
2.81181,13062
2.82148,12880
2.8312,13173
2.84094,13042
2.85072,12884
2.86053,12965
2.87038,12482
2.88026,12581
2.89018,12515
2.90012,12650
2.91011,12492
2.92013,12503
2.93018,12423
2.94026,12094
2.95038,12311
2.96054,12324
2.97073,12058
2.98096,12126
2.99122,12020
3.00151,11983
3.01185,11862
3.02221,11822
3.03262,11765
3.04306,11815
3.05353,11691
3.06404,11665
3.07459,11724
3.08517,11415
3.09579,11427
3.10645,11186
3.11714,11279
3.12787,11324
3.13864,11454
3.14944,11155
3.16028,11073
3.17116,11127
3.18208,11147
3.19303,10963
3.20402,10854
3.21505,10818
3.22612,10849
3.23722,10720
3.24837,10715
3.25955,10395
3.27077,10591
3.28203,10696
3.29332,10719
3.30466,10558
3.31604,10530
3.32745,10320
3.3389,10083
3.3504,10336
3.36193,10093
3.3735,10210
3.38512,10088
3.39677,9870
3.40846,9990
3.42019,9937
3.43197,9732
3.44378,9772
3.45563,9847
3.46753,9667
3.47947,9755
3.49144,9516
3.50346,9693
3.51552,9436
3.52762,9431
3.53976,9547
3.55195,9360
3.56418,9400
3.57644,9231
3.58876,9226
3.60111,9020
3.6135,8989
3.62594,9064
3.63842,8994
3.65095,8803
3.66352,8814
3.67613,8853
3.68878,8905
3.70148,8694
3.71422,8702
3.72701,8682
3.73983,8499
3.75271,8483
3.76563,8408
3.77859,8474
3.79159,8513
3.80465,8548
3.81774,8251
3.83088,8248
3.84407,8443
3.8573,8259
3.87058,8071
3.8839,8159
3.89727,8025
3.91069,8137
3.92415,8104
3.93766,7879
3.95121,7824
3.96481,7948
3.97846,7878
3.99216,7627
4.0059,7609
4.01969,7404
4.03352,7681
4.04741,7547
4.06134,7459
4.07532,7395
4.08935,7473
4.10342,7471
4.11755,7380
4.13172,7502
4.14595,7424
4.16022,7296
4.17454,7097
4.18891,7113
4.20333,7141
4.21779,6993
4.23231,7022
4.24688,6995
4.2615,6949
4.27617,6782
4.29089,6795
4.30566,6819
4.32048,6787
4.33535,6761
4.35028,6787
4.36525,6712
4.38028,6716
4.39535,6543
4.41048,6484
4.42567,6656
4.4409,6454
4.45619,6495
4.47153,6415
4.48692,6364
4.50236,6339
4.51786,6289
4.53341,6233
4.54902,6148
4.56468,6232
4.58039,6283
4.59616,6413
4.61198,6046
4.62785,5933
4.64378,6067
4.65977,6038
4.67581,5969
4.6919,5964
4.70805,5837
4.72426,5674
4.74052,5773
4.75684,5717
4.77321,5761
4.78964,5737
4.80613,5591
4.82268,5670
4.83928,5746
4.85593,5567
4.87265,5603
4.88942,5589
4.90625,5476
4.92314,5235
4.94009,5468
4.95709,5489
4.97416,5309
4.99128,5327
5.00846,5198
5.0257,5137
5.043,5182
5.06036,5276
5.07778,5187
5.09526,5107
5.11279,5154
5.13039,4985
5.14805,4836
5.16578,4967
5.18356,5058
5.2014,5002
5.2193,4872
5.23727,4790
5.2553,4837
5.27339,4777
5.29154,4716
5.30976,4711
5.32803,4663
5.34637,4681
5.36478,4756
5.38324,4656
5.40177,4644
5.42037,4628
5.43903,4414
5.45775,4666
5.47653,4489
5.49539,4394
5.5143,4424
5.53328,4329
5.55233,4344
5.57144,4418
5.59062,4281
5.60987,4413
5.62918,4314
5.64855,4227
5.668,4173
5.68751,4181
5.70708,4147
5.72673,4062
5.74644,4033
5.76622,4089
5.78607,4102
5.80599,4070
5.82597,3983
5.84603,3960
5.86615,3923
5.88634,3953
5.90661,3938
5.92694,3961
5.94734,3831
5.96781,3777
5.98836,3715
6.00897,3783
6.02965,3611
6.05041,3853
6.07124,3730
6.09213,3645
6.1131,3572
6.13415,3545
6.15526,3595
6.17645,3499
6.19771,3561
6.21904,3394
6.24045,3467
6.26193,3465
6.28349,3358
6.30512,3428
6.32682,3314
6.3486,3370
6.37045,3197
6.39238,3192
6.41439,3267
6.43647,3350
6.45862,3200
6.48085,3143
6.50316,3255
6.52555,3054
6.54801,3110
6.57055,3083
6.59317,3055
6.61586,2945
6.63863,3091
6.66149,2841
6.68442,2958
6.70743,2940
6.73051,2955
6.75368,2880
6.77693,2862
6.80026,2795
6.82367,2939
6.84715,2796
6.87072,2768
6.89437,2766
6.91811,2848
6.94192,2724
6.96582,2760
6.98979,2730
7.01385,2631
7.038,2579
7.06222,2707
7.08653,2618
7.11093,2611
7.13541,2583
7.15997,2523
7.18461,2659
7.20934,2405
7.23416,2566
7.25906,2460
7.28405,2512
7.30912,2422
7.33428,2417
7.35953,2343
7.38486,2367
7.41028,2329
7.43579,2270
7.46139,2257
7.48707,2285
7.51284,2295
7.5387,2237
7.56465,2283
7.59069,2175
7.61682,2181
7.64304,2170
7.66935,2084
7.69575,2049
7.72224,2110
7.74882,2096
7.77549,2096
7.80226,2072
7.82912,1905
7.85607,2104
7.88311,1930
7.91024,2015
7.93747,1982
7.96479,1979
7.99221,1886
8.01972,1866
8.04733,1769
8.07503,1860
8.10283,1841
8.13072,1739
8.1587,1749
8.18679,1762
8.21497,1685
8.24325,1725
8.27162,1614
8.3001,1637
8.32867,1633
8.35734,1582
8.3861,1547
8.41497,1618
8.44394,1557
8.473,1559
8.50217,1485
8.53143,1498
8.5608,1477
8.59027,1497
8.61984,1469
8.64951,1388
8.67928,1423
8.70916,1325
8.73914,1324
8.76922,1339
8.79941,1388
8.8297,1311
8.86009,1345
8.89059,1271
8.92119,1261
8.9519,1201
8.98272,1212
9.01364,1243
9.04466,1171
9.0758,1183
9.10704,1124
9.13839,1155
9.16984,1211
9.20141,1092
9.23308,1111
9.26486,1177
9.29676,1114
9.32876,1020
9.36087,1040
9.39309,1054
9.42542,978
9.45787,974
9.49042,1009
9.52309,956
9.55587,944
9.58877,942
9.62177,931
9.65489,931
9.68813,883
9.72148,856
9.75494,883
9.78852,854
9.82221,781
9.85602,818
9.88995,808
9.92399,815
9.95816,821
9.99243,736
10.0268,742
10.0613,719
10.096,687
10.1307,729
10.1656,717
10.2006,689
10.2357,665
10.2709,636
10.3063,623
10.3418,623
10.3774,607
10.4131,600
10.4489,589
10.4849,541
10.521,584
10.5572,590
10.5936,547
10.63,578
10.6666,510
10.7033,530
10.7402,511
10.7771,480
10.8142,484
10.8515,469
10.8888,472
10.9263,486
10.9639,427
11.0016,393
11.0395,423
11.0775,427
11.1156,405
11.1539,406
11.1923,376
11.2308,412
11.2695,370
11.3083,387
11.3472,358
11.3863,350
11.4255,349
11.4648,323
11.5043,320
11.5439,337
11.5836,358
11.6235,293
11.6635,323
11.7036,260
11.7439,261
11.7843,323
11.8249,278
11.8656,261
11.9065,253
11.9474,246
11.9886,239
12.0298,254
12.0712,228
12.1128,220
12.1545,205
12.1963,228
12.2383,207
12.2804,237
12.3227,203
12.3651,205
12.4077,199
12.4504,201
12.4933,174
12.5363,204
12.5794,145
12.6227,176
12.6662,163
12.7098,148
12.7535,143
12.7974,159
12.8415,160
12.8857,169
12.93,129
12.9745,136
13.0192,117
13.064,148
13.109,100
13.1541,120
13.1994,125
13.2448,124
13.2904,111
13.3362,116
13.3821,116
13.4281,97
13.4743,91
13.5207,103
13.5673,85
13.614,105
13.6608,82
13.7079,83
13.755,78
13.8024,69
13.8499,74
13.8976,60
13.9454,71
13.9934,85
14.0416,79
14.0899,80
14.1384,67
14.1871,61
14.2359,62
14.2849,61
14.3341,48
14.3834,54
14.433,40
14.4826,54
14.5325,65
14.5825,63
14.6327,47
14.6831,52
14.7336,39
14.7843,43
14.8352,46
14.8863,51
14.9375,28
14.989,38
15.0406,37
15.0923,43
15.1443,28
15.1964,43
15.2487,34
15.3012,33
15.3539,35
15.4067,34
15.4598,31
15.513,24
15.5664,29
15.62,21
15.6737,18
15.7277,19
15.7818,29
15.8361,23
15.8907,18
15.9454,20
16.0002,7
16.0553,30
16.1106,24
16.166,11
16.2217,7
16.2775,18
16.3336,27
16.3898,14
16.4462,16
16.5028,12
16.5596,13
16.6166,12
16.6738,21
16.7312,9
16.7888,17
16.8466,13
16.9046,11
16.9628,9
17.0212,17
17.0798,11
17.1385,9
17.1975,13
17.2567,9
17.3161,9
17.3757,8
17.4356,7
17.4956,7
17.5558,7
17.6162,8
17.6769,5
17.7377,5
17.7988,4
17.86,9
17.9215,3
17.9832,3
18.0451,8
18.1072,5
18.1696,4
18.2321,6
18.2949,7
18.3578,2
18.421,5
18.4844,6
18.5481,4
18.6119,7
18.676,4
18.7403,3
18.8048,2
18.8695,1
18.9345,1
18.9996,1
19.065,1
19.1307,2
19.1965,2
19.2626,2
19.3289,1
19.3954,3
19.4622,2
19.5292,2
19.5964,5
19.6639,2
19.7316,2
19.7995,0
19.8676,1
19.936,1
20.0046,3
20.0735,2
20.1426,1
20.2119,2
20.2815,1
20.3513,0
20.4214,0
20.4917,0
20.5622,1
20.633,3
20.704,1
20.7753,0
20.8468,1
20.9186,0
20.9906,0
21.0628,2
21.1353,0
21.2081,0
21.2811,0
21.3543,1
21.4278,2
21.5016,0
21.5756,0
21.6499,0
21.7244,0
21.7992,0
21.8742,0
21.9495,0
22.0251,0
22.1009,0
22.177,0
22.2533,0
22.3299,0
22.4068,0
22.4839,0
22.5613,0
22.6389,0
22.7169,1
22.7951,0
22.8735,0
22.9523,0
23.0313,0
23.1106,0
23.1901,0
23.2699,0
23.35,0
23.4304,0
23.5111,0
23.592,0
23.6732,0
23.7547,0
23.8365,1
23.9185,0
24.0008,0
24.0835,0
24.1664,0
24.2496,0
24.333,0
24.4168,0
24.5008,0
24.5852,0
24.6698,0
24.7547,0
24.8399,0
24.9254,0
25.0112,0
25.0973,0
25.1837,0
25.2704,1
25.3574,0
25.4447,0
25.5323,0
25.6202,0
25.7083,0
25.7968,0
25.8856,0
25.9747,0
26.0641,1
26.1539,0
26.2439,0
26.3342,0
26.4249,0
26.5158,0
26.6071,0
26.6987,0
26.7906,0
26.8828,0
26.9754,0
27.0682,0
27.1614,0
27.2549,0
27.3487,0
27.4428,0
27.5373,0
27.6321,0
27.7272,0
27.8227,0
27.9184,0
28.0145,0
28.111,0
28.2077,0
28.3048,0
28.4023,0
28.5,0
28.5981,0
28.6966,0
28.7954,0
28.8945,0
28.9939,0
29.0937,0
29.1939,0
29.2944,0
29.3952,0
29.4964,0
29.5979,0
29.6998,0
29.802,0
29.9046,0
30.0076,0
30.1109,0
30.2145,0
30.3185,0
30.4229,0
30.5276,0
30.6327,0
30.7381,0
30.8439,0
30.9501,0
31.0566,0
31.1636,0
31.2708,0
31.3785,0
31.4865,0
31.5949,0
31.7036,0
31.8128,0
31.9223,0
32.0321,0
32.1424,0
32.253,0
32.3641,0
32.4755,0
32.5873,0
32.6994,0
32.812,0
32.9249,0
33.0383,0
33.152,0
33.2661,0
33.3806,0
33.4955,0
33.6108,0
33.7265,0
33.8426,0
33.9591,0
34.076,0
34.1933,0
34.311,0
34.4291,0
34.5476,0
34.6665,0
34.7859,0
34.9056,0
35.0258,0
35.1463,0
35.2673,0
35.3887,0
35.5105,0
35.6328,0
35.7554,0
35.8785,0
36.002,0
36.1259,0
36.2503,0
36.3751,0
36.5003,0
36.6259,0
36.752,0
36.8785,0
37.0054,0
37.1328,0
37.2606,0
37.3889,0
37.5176,0
37.6468,0
37.7763,0
37.9064,0
38.0369,0
38.1678,0
38.2992,0
38.431,0
38.5633,0
38.696,0
38.8292,0
38.9629,0
39.097,0
39.2316,0
39.3666,0
39.5022,0
39.6381,0
39.7746,0
39.9115,0
40.0489,0
40.1867,0
40.3251,0
40.4639,0
40.6032,0
40.7429,0
40.8832,0
41.0239,0
41.1651,0
41.3068,0
41.449,0
41.5917,0
41.7348,0
41.8785,0
42.0227,0
42.1673,0
42.3125,0
42.4581,0
42.6043,0
42.7509,0
42.8981,0
43.0457,0
43.1939,0
43.3426,0
43.4918,0
43.6415,0
43.7917,0
43.9425,0
44.0937,0
44.2455,0
44.3978,0
44.5506,0
44.704,0
44.8579,0
45.0123,0
45.1672,0
45.3227,0
45.4787,0
45.6353,0
45.7923,0
45.95,0
46.1081,0
46.2669,0
46.4261,0
46.5859,0
46.7463,0
46.9072,0
47.0687,0
47.2307,0
47.3933,0
47.5564,0
47.7201,0
47.8844,0
48.0492,0
48.2146,0
48.3806,0
48.5471,0
48.7142,0
48.8819,0
49.0501,0
49.219,0
49.3884,0
49.5584,0
49.729,0
49.9002,0
50.072,0
50.2443,0
50.4173,0
50.5908,0
50.765,0
50.9397,0
51.1151,0
51.291,0
51.4676,0
51.6447,0
51.8225,0
52.0009,0
52.1799,0
52.3595,0
52.5397,0
52.7206,0
52.9021,0
53.0842,0
53.2669,0
53.4502,0
53.6342,0
53.8188,0
54.0041,0
54.19,0
54.3765,0
54.5637,0
54.7515,0
54.94,0
55.1291,0
55.3189,0
55.5093,0
55.7004,0
55.8921,0
56.0845,0
56.2776,0
56.4713,0
56.6657,0
56.8607,0
57.0565,0
57.2529,0
57.4499,0
57.6477,0
57.8461,0
58.0452,0
58.245,0
58.4455,0
58.6467,0
58.8486,0
59.0512,0
59.2544,0
59.4584,0
59.6631,0
59.8684,0
60.0745,0
60.2813,0
60.4888,0
60.697,0
60.906,0
61.1156,0
61.326,0
61.5371,0
61.7489,0
61.9615,0
62.1748,0
62.3888,0
62.6035,0
62.819,0
63.0353,0
63.2522,0
63.47,0
63.6885,0
63.9077,0
64.1277,0
64.3484,0
64.5699,0
64.7922,0
65.0152,0
65.239,0
65.4636,0
65.6889,0
65.915,0
66.1419,0
66.3696,0
66.5981,0
66.8273,0
67.0573,0
67.2882,0
67.5198,0
67.7522,0
67.9854,0
68.2194,0
68.4543,0
68.6899,0
68.9264,0
69.1636,0
69.4017,0
69.6406,0
69.8803,0
70.1209,0
70.3622,0
70.6044,0
70.8475,0
71.0913,0
71.336,0
71.5816,0
71.828,0
72.0753,0
72.3234,0
72.5723,0
72.8221,0
73.0728,0
73.3243,0
73.5767,0
73.83,0
74.0841,0
74.3391,0
74.595,0
74.8518,0
75.1095,0
75.368,0
75.6274,0
75.8878,0
76.149,0
76.4111,0
76.6741,0
76.9381,0
77.2029,0
77.4687,0
77.7353,0
78.0029,0
78.2714,0
78.5408,0
78.8112,0
79.0825,0
79.3547,0
79.6279,0
79.902,0
80.177,0
80.453,0
80.7299,0
81.0078,0
81.2867,0
81.5665,0
81.8472,0
82.129,0
82.4117,0
82.6954,0
82.98,0
83.2656,0
83.5523,0
83.8399,0
84.1285,0
84.4181,0
84.7086,0
85.0002,0
85.2928,0
85.5864,0
85.881,0
86.1767,0
86.4733,0
86.771,0
87.0696,0
87.3693,0
87.6701,0
87.9719,0
88.2747,0
88.5786,0
88.8835,0
89.1894,0
89.4964,0
89.8045,0
90.1136,0
90.4238,0
90.7351,0
91.0474,0
91.3608,0
91.6753,0
91.9909,0
92.3075,0
92.6253,0
92.9441,0
93.264,0
93.5851,0
93.9072,0
94.2305,0
94.5548,0
94.8803,0
95.2069,0
95.5346,0
95.8635,0
96.1935,0
96.5246,0
96.8568,0
97.1902,0
97.5248,0
97.8605,0
98.1974,0
98.5354,0
98.8746,0
99.2149,0
99.5564,0
99.8991,0
100.243,0
100.588,0
100.934,0
101.282,0
101.63,0
101.98,0
102.331,0
102.684,0
103.037,0
103.392,0
103.748,0
104.105,0
104.463,0
104.823,0
105.183,0
105.545,0
105.909,0
106.273,0
106.639,0
107.006,0
107.375,0
107.744,0
108.115,0
108.487,0
108.861,0
109.235,0
109.611,0
109.989,0
110.367,0
110.747,0
111.128,0
111.511,0
111.895,0
112.28,0
112.666,0
113.054,0
113.443,0
113.834,0
114.226,0
114.619,0
115.014,0
115.409,0
115.807,0
116.205,0
116.605,0
117.007,0
117.41,0
117.814,0
118.219,0
118.626,0
119.034,0
119.444,0
119.855,0
120.268,0
120.682,0
121.097,0
121.514,0
121.932,0
122.352,0
122.773,0
123.196,0
123.62,0
124.046,0
124.473,0
124.901,0
125.331,0
125.762,0
126.195,0
126.63,0
127.066,0
127.503,0
127.942,0
128.382,0
128.824,0
129.268,0
129.713,0
130.159,0
130.607,0
131.057,0
131.508,0
131.961,0
132.415,0
132.871,0
133.328,0
133.787,0
134.247,0
134.709,0
135.173,0
135.638,0
136.105,0
136.574,0
137.044,0
137.516,0
137.989,0
138.464,0
138.941,0
139.419,0
139.899,0
140.38,0
140.864,0
141.349,0
141.835,0
142.323,0
142.813,0
143.305,0
143.798,0
144.293,0
144.79,0
145.288,0
145.788,0
146.29,0
146.794,0
147.299,0
147.806,0
148.315,0
148.825,0
149.338,0
149.852,0
150.368,0
150.885,0
151.405,0
151.926,0
152.449,0
152.973,0
153.5,0
154.028,0
154.559,0
155.091,0
155.624,0
156.16,0
156.698,0
157.237,0
157.778,0
158.321,0
158.866,0
159.413,0
159.962,0
160.513,0
161.065,0
161.62,0
162.176,0
162.734,0
163.294,0
163.856,0
164.42,0
164.986,0
165.554,0
166.124,0
166.696,0
167.27,0
167.846,0
168.423,0
169.003,0
169.585,0
170.169,0
170.754,0
171.342,0
171.932,0
172.524,0
173.118,0
173.714,0
174.312,0
174.912,0
175.514,0
176.118,0
176.724,0
177.332,0
177.943,0
178.555,0
179.17,0
179.787,0
180.406,0
181.027,0
181.65,0
182.275,0
182.902,0
183.532,0
184.164,0
184.798,0
185.434,0
186.072,0
186.713,0
187.355,0
188,0
188.647,0
189.297,0
189.948,0
190.602,0
191.258,0
191.917,0
192.577,0
193.24,0
193.905,0
194.573,0
195.243,0
195.915,0
196.589,0
197.266,0
197.945,0
198.626,0
199.31,0
199.996,0
200.684,0
201.375,0
202.068,0
202.764,0
203.462,0
204.162,0
204.865,0
205.57,0
206.278,0
206.988,0
207.7,0
208.415,0
209.133,0
209.853,0
210.575,0
211.3,0
212.027,0
212.757,0
213.489,0
214.224,0
214.962,0
215.702,0
216.444,0
217.189,0
217.937,0
218.687,0
219.44,0
220.195,0
220.953,0
221.714,0
222.477,0
223.243,0
224.011,0
224.782,0
225.556,0
226.332,0
227.111,0
227.893,0
228.678,0
229.465,0
230.255,0
231.047,0
231.843,0
232.641,0
233.441,0
234.245,0
235.051,0
235.86,0
236.672,0
237.487,0
238.304,0
239.125,0
239.948,0
240.774,0
241.603,0
242.434,0
243.269,0
244.106,0
244.946,0
245.79,0
246.636,0
247.485,0
248.337,0
249.191,0
250.049,0
250.91,0
251.774,0
252.64,0
253.51,0
254.383,0
255.258,0
256.137,0
257.019,0
257.903,0
258.791,0
259.682,0
260.576,0
261.473,0
262.373,0
263.276,0
264.182,0
265.092,0
266.004,0
266.92,0
267.838,0
268.76,0
269.686,0
270.614,0
271.545,0
272.48,0
273.418,0
274.359,0
275.304,0
276.251,0
277.202,0
278.156,0
279.114,0
280.075,0
281.039,0
282.006,0
282.977,0
283.951,0
284.928,0
285.909,0
286.893,0
287.881,0
288.872,0
289.866,0
290.864,0
291.865,0
292.87,0
293.878,0
294.89,0
295.905,0
296.923,0
297.945,0
298.971,0
300,
