0.01,0,4.09748
0.0100344,0
0.010069,0
0.0101036,1
0.0101384,0
0.0101733,0
0.0102083,0
0.0102435,1
0.0102787,0
0.0103141,0
0.0103496,0
0.0103852,0
0.010421,0
0.0104568,0
0.0104928,0
0.010529,0
0.0105652,0
0.0106016,0
0.0106381,0
0.0106747,2
0.0107114,0
0.0107483,0
0.0107853,0
0.0108224,0
0.0108597,0
0.0108971,0
0.0109346,0
0.0109722,2
0.01101,0
0.0110479,2
0.0110859,4
0.0111241,5
0.0111624,3
0.0112008,5
0.0112393,7
0.011278,3
0.0113168,6
0.0113558,5
0.0113949,4
0.0114341,7
0.0114735,5
0.011513,2
0.0115526,3
0.0115924,4
0.0116323,3
0.0116723,4
0.0117125,2
0.0117528,5
0.0117933,2
0.0118339,8
0.0118746,3
0.0119155,2
0.0119565,4
0.0119976,9
0.0120389,9
0.0120804,2
0.012122,4
0.0121637,2
0.0122056,4
0.0122476,0
0.0122897,6
0.012332,6
0.0123745,5
0.0124171,1
0.0124598,4
0.0125027,1
0.0125458,6
0.0125889,8
0.0126323,4
0.0126758,4
0.0127194,7
0.0127632,3
0.0128071,9
0.0128512,3
0.0128954,1
0.0129398,3
0.0129844,3
0.0130291,6
0.0130739,5
0.0131189,6
0.0131641,4
0.0132094,2
0.0132548,5
0.0133005,4
0.0133463,2
0.0133922,5
0.0134383,2
0.0134846,3
0.013531,6
0.0135775,2
0.0136243,1
0.0136712,8
0.0137182,2
0.0137655,4
0.0138128,6
0.0138604,4
0.0139081,5
0.013956,3
0.014004,2
0.0140522,7
0.0141006,4
0.0141491,4
0.0141978,7
0.0142467,3
0.0142957,6
0.014345,7
0.0143943,3
0.0144439,6
0.0144936,4
0.0145435,3
0.0145936,3
0.0146438,3
0.0146942,2
0.0147448,5
0.0147955,3
0.0148465,3
0.0148976,6
0.0149488,7
0.0150003,3
0.0150519,4
0.0151038,3
0.0151557,3
0.0152079,7
0.0152603,1
0.0153128,1
0.0153655,6
0.0154184,1
0.0154715,5
0.0155247,4
0.0155782,2
0.0156318,3
0.0156856,4
0.0157396,4
0.0157938,1
0.0158481,3
0.0159027,1
0.0159574,2
0.0160124,3
0.0160675,4
0.0161228,2
0.0161783,2
0.016234,2
0.0162898,1
0.0163459,2
0.0164022,3
0.0164586,6
0.0165153,1
0.0165722,0
0.0166292,4
0.0166864,2
0.0167439,1
0.0168015,3
0.0168593,1
0.0169174,3
0.0169756,4
0.0170341,1
0.0170927,4
0.0171515,2
0.0172106,2
0.0172698,2
0.0173293,0
0.0173889,3
0.0174488,4
0.0175088,3
0.0175691,2
0.0176296,3
0.0176903,3
0.0177511,0
0.0178123,2
0.0178736,2
0.0179351,1
0.0179968,4
0.0180588,2
0.0181209,2
0.0181833,0
0.0182459,1
0.0183087,2
0.0183717,1
0.018435,0
0.0184984,2
0.0185621,0
0.018626,3
0.0186901,4
0.0187545,0
0.018819,1
0.0188838,2
0.0189488,1
0.019014,0
0.0190795,1
0.0191451,2
0.019211,1
0.0192772,0
0.0193435,3
0.0194101,2
0.0194769,1
0.019544,1
0.0196112,1
0.0196788,1
0.0197465,2
0.0198145,1
0.0198827,0
0.0199511,0
0.0200198,2
0.0200887,1
0.0201579,1
0.0202272,1
0.0202969,1
0.0203667,1
0.0204368,2
0.0205072,0
0.0205778,1
0.0206486,2
0.0207197,1
0.020791,5
0.0208626,0
0.0209344,0
0.0210065,0
0.0210788,2
0.0211513,5
0.0212241,2
0.0212972,0
0.0213705,0
0.0214441,2
0.0215179,1
0.0215919,1
0.0216663,2
0.0217408,0
0.0218157,0
0.0218908,1
0.0219661,2
0.0220417,3
0.0221176,1
0.0221938,2
0.0222701,0
0.0223468,1
0.0224237,0
0.0225009,1
0.0225784,1
0.0226561,2
0.0227341,0
0.0228123,0
0.0228909,1
0.0229697,3
0.0230487,2
0.0231281,4
0.0232077,2
0.0232876,1
0.0233677,1
0.0234482,2
0.0235289,4
0.0236099,4
0.0236911,2
0.0237727,0
0.0238545,0
0.0239366,3
0.024019,2
0.0241017,0
0.0241847,1
0.0242679,0
0.0243514,4
0.0244353,0
0.0245194,0
0.0246038,2
0.0246885,2
0.0247735,3
0.0248587,0
0.0249443,1
0.0250302,4
0.0251163,0
0.0252028,2
0.0252895,4
0.0253766,0
0.0254639,3
0.0255516,1
0.0256396,3
0.0257278,3
0.0258164,1
0.0259052,2
0.0259944,5
0.0260839,3
0.0261737,1
0.0262638,2
0.0263542,0
0.0264449,2
0.0265359,2
0.0266273,1
0.0267189,2
0.0268109,3
0.0269032,3
0.0269958,2
0.0270887,4
0.027182,4
0.0272755,1
0.0273694,0
0.0274636,2
0.0275582,3
0.027653,2
0.0277482,4
0.0278437,2
0.0279396,0
0.0280357,4
0.0281323,1
0.0282291,2
0.0283263,3
0.0284238,3
0.0285216,3
0.0286198,3
0.0287183,3
0.0288172,2
0.0289164,2
0.0290159,2
0.0291158,5
0.029216,3
0.0293166,3
0.0294175,4
0.0295187,2
0.0296203,4
0.0297223,1
0.0298246,2
0.0299273,0
0.0300303,2
0.0301337,5
0.0302374,3
0.0303415,2
0.0304459,3
0.0305507,2
0.0306559,4
0.0307614,2
0.0308673,3
0.0309735,1
0.0310802,2
0.0311872,2
0.0312945,2
0.0314022,2
0.0315103,1
0.0316188,2
0.0317276,4
0.0318368,2
0.0319464,1
0.0320564,2
0.0321667,2
0.0322775,0
0.0323886,3
0.0325001,0
0.0326119,2
0.0327242,1
0.0328368,1
0.0329499,1
0.0330633,1
0.0331771,1
0.0332913,1
0.0334059,0
0.0335209,1
0.0336363,2
0.0337521,1
0.0338682,0
0.0339848,0
0.0341018,2
0.0342192,0
0.034337,3
0.0344552,2
0.0345738,3
0.0346928,1
0.0348122,1
0.034932,2
0.0350523,4
0.035173,2
0.035294,2
0.0354155,3
0.0355374,2
0.0356597,2
0.0357825,2
0.0359057,1
0.0360293,0
0.0361533,1
0.0362777,2
0.0364026,2
0.0365279,2
0.0366537,3
0.0367798,1
0.0369064,0
0.0370335,3
0.0371609,3
0.0372889,3
0.0374172,3
0.037546,1
0.0376753,3
0.0378049,1
0.0379351,1
0.0380657,3
0.0381967,0
0.0383282,3
0.0384601,1
0.0385925,0
0.0387253,2
0.0388586,0
0.0389924,2
0.0391266,2
0.0392613,2
0.0393965,2
0.0395321,1
0.0396681,2
0.0398047,0
0.0399417,2
0.0400792,2
0.0402172,1
0.0403556,1
0.0404945,2
0.0406339,1
0.0407738,2
0.0409141,3
0.041055,2
0.0411963,0
0.0413381,0
0.0414804,2
0.0416232,0
0.0417664,2
0.0419102,1
0.0420545,3
0.0421992,4
0.0423445,1
0.0424903,3
0.0426365,1
0.0427833,0
0.0429306,3
0.0430783,1
0.0432266,2
0.0433754,1
0.0435247,0
0.0436745,0
0.0438249,1
0.0439757,1
0.0441271,2
0.044279,6
0.0444314,4
0.0445844,2
0.0447378,2
0.0448918,2
0.0450464,4
0.0452014,1
0.045357,1
0.0455131,3
0.0456698,3
0.045827,1
0.0459848,1
0.0461431,0
0.0463019,0
0.0464613,2
0.0466212,1
0.0467817,0
0.0469427,3
0.0471043,0
0.0472664,3
0.0474291,2
0.0475924,0
0.0477562,1
0.0479206,0
0.0480856,0
0.0482511,2
0.0484172,2
0.0485839,6
0.0487511,3
0.0489189,3
0.0490873,4
0.0492563,4
0.0494258,2
0.0495959,3
0.0497667,2
0.049938,1
0.0501099,1
0.0502824,3
0.0504554,0
0.0506291,6
0.0508034,2
0.0509783,1
0.0511538,2
0.0513298,1
0.0515065,1
0.0516838,5
0.0518617,3
0.0520403,1
0.0522194,3
0.0523991,0
0.0525795,1
0.0527605,1
0.0529421,4
0.0531244,0
0.0533072,1
0.0534907,1
0.0536748,2
0.0538596,2
0.054045,2
0.054231,2
0.0544177,1
0.054605,1
0.054793,1
0.0549816,3
0.0551709,1
0.0553608,0
0.0555513,1
0.0557426,0
0.0559344,4
0.056127,3
0.0563202,2
0.056514,4
0.0567086,2
0.0569038,2
0.0570997,2
0.0572962,1
0.0574934,1
0.0576913,2
0.0578899,3
0.0580892,1
0.0582892,1
0.0584898,2
0.0586911,1
0.0588932,1
0.0590959,3
0.0592993,2
0.0595034,1
0.0597083,2
0.0599138,2
0.06012,0
0.060327,3
0.0605346,2
0.060743,6
0.0609521,3
0.0611619,2
0.0613724,2
0.0615837,0
0.0617957,0
0.0620084,1
0.0622218,1
0.062436,2
0.0626509,2
0.0628666,2
0.063083,2
0.0633001,4
0.063518,1
0.0637367,3
0.0639561,0
0.0641762,4
0.0643971,2
0.0646188,2
0.0648412,1
0.0650644,4
0.0652884,3
0.0655131,1
0.0657387,2
0.0659649,1
0.066192,2
0.0664199,4
0.0666485,0
0.0668779,1
0.0671081,7
0.0673391,1
0.0675709,1
0.0678035,1
0.0680369,2
0.0682711,3
0.0685061,2
0.0687419,0
0.0689785,2
0.069216,2
0.0694542,3
0.0696933,3
0.0699332,1
0.0701739,0
0.0704155,0
0.0706579,4
0.0709011,1
0.0711452,3
0.0713901,2
0.0716358,1
0.0718824,1
0.0721298,2
0.0723781,1
0.0726273,3
0.0728773,1
0.0731281,0
0.0733798,1
0.0736324,1
0.0738859,0
0.0741402,1
0.0743954,1
0.0746515,0
0.0749085,5
0.0751663,1
0.0754251,2
0.0756847,3
0.0759452,3
0.0762067,3
0.076469,0
0.0767322,2
0.0769963,3
0.0772614,2
0.0775273,2
0.0777942,1
0.078062,3
0.0783307,0
0.0786003,3
0.0788709,2
0.0791424,2
0.0794148,1
0.0796882,1
0.0799625,3
0.0802377,1
0.0805139,2
0.080791,1
0.0810692,2
0.0813482,2
0.0816282,3
0.0819092,2
0.0821912,1
0.0824741,2
0.082758,3
0.0830428,3
0.0833287,2
0.0836155,1
0.0839034,1
0.0841922,1
0.084482,3
0.0847728,1
0.0850646,1
0.0853574,3
0.0856512,3
0.0859461,2
0.0862419,0
0.0865388,3
0.0868367,1
0.0871356,0
0.0874355,0
0.0877365,0
0.0880385,4
0.0883415,3
0.0886456,0
0.0889508,1
0.089257,0
0.0895642,0
0.0898725,2
0.0901819,2
0.0904923,0
0.0908038,0
0.0911164,3
0.09143,2
0.0917447,3
0.0920605,3
0.0923774,3
0.0926954,0
0.0930145,2
0.0933347,1
0.0936559,1
0.0939783,0
0.0943018,1
0.0946264,2
0.0949522,1
0.095279,1
0.095607,0
0.0959361,2
0.0962663,1
0.0965977,1
0.0969302,3
0.0972638,3
0.0975986,2
0.0979346,2
0.0982717,0
0.09861,4
0.0989494,2
0.09929,2
0.0996318,6
0.0999748,1
0.100319,5
0.100664,0
0.101011,1
0.101358,1
0.101707,1
0.102057,0
0.102409,3
0.102761,1
0.103115,1
0.10347,2
0.103826,1
0.104183,1
0.104542,1
0.104902,2
0.105263,2
0.105625,0
0.105989,1
0.106354,1
0.10672,1
0.107087,1
0.107456,1
0.107826,4
0.108197,3
0.108569,2
0.108943,2
0.109318,2
0.109694,0
0.110072,5
0.110451,1
0.110831,0
0.111213,1
0.111595,0
0.11198,2
0.112365,0
0.112752,1
0.11314,3
0.113529,3
0.11392,1
0.114312,2
0.114706,1
0.115101,4
0.115497,2
0.115894,4
0.116293,1
0.116694,2
0.117095,2
0.117498,0
0.117903,1
0.118309,1
0.118716,1
0.119125,2
0.119535,1
0.119946,0
0.120359,2
0.120773,4
0.121189,0
0.121606,3
0.122025,3
0.122445,1
0.122866,2
0.123289,1
0.123714,0
0.124139,2
0.124567,1
0.124996,4
0.125426,2
0.125858,2
0.126291,1
0.126726,2
0.127162,4
0.127599,2
0.128039,2
0.128479,1
0.128922,1
0.129365,6
0.129811,1
0.130258,2
0.130706,1
0.131156,2
0.131607,2
0.13206,4
0.132515,2
0.132971,1
0.133429,3
0.133888,1
0.134349,5
0.134811,3
0.135276,0
0.135741,2
0.136208,0
0.136677,4
0.137148,4
0.13762,0
0.138094,2
0.138569,1
0.139046,1
0.139525,3
0.140005,3
0.140487,2
0.14097,3
0.141456,2
0.141943,5
0.142431,0
0.142921,2
0.143413,2
0.143907,6
0.144402,1
0.144899,3
0.145398,1
0.145899,1
0.146401,2
0.146905,2
0.147411,1
0.147918,3
0.148427,3
0.148938,3
0.149451,2
0.149965,3
0.150481,3
0.150999,0
0.151519,2
0.152041,0
0.152564,0
0.153089,1
0.153616,3
0.154145,1
0.154676,2
0.155208,2
0.155742,2
0.156278,1
0.156816,3
0.157356,2
0.157898,4
0.158441,2
0.158987,2
0.159534,2
0.160083,1
0.160634,0
0.161187,4
0.161742,4
0.162299,1
0.162857,0
0.163418,5
0.163981,4
0.164545,2
0.165111,1
0.16568,2
0.16625,3
0.166822,4
0.167397,1
0.167973,4
0.168551,7
0.169131,2
0.169713,3
0.170298,2
0.170884,1
0.171472,3
0.172062,3
0.172654,1
0.173249,3
0.173845,1
0.174444,6
0.175044,0
0.175647,0
0.176251,3
0.176858,1
0.177467,1
0.178078,1
0.178691,3
0.179306,2
0.179923,3
0.180542,5
0.181164,2
0.181787,2
0.182413,5
0.183041,3
0.183671,1
0.184303,3
0.184938,2
0.185574,3
0.186213,3
0.186854,4
0.187497,0
0.188143,1
0.18879,2
0.18944,1
0.190092,4
0.190747,2
0.191403,4
0.192062,2
0.192723,2
0.193387,4
0.194052,1
0.19472,1
0.19539,4
0.196063,1
0.196738,3
0.197415,2
0.198095,2
0.198777,4
0.199461,4
0.200147,3
0.200836,1
0.201528,6
0.202221,1
0.202917,3
0.203616,2
0.204317,4
0.20502,3
0.205726,2
0.206434,2
0.207145,4
0.207858,3
0.208573,0
0.209291,2
0.210012,7
0.210734,2
0.21146,1
0.212188,2
0.212918,0
0.213651,4
0.214386,3
0.215124,3
0.215865,3
0.216608,2
0.217354,1
0.218102,3
0.218853,1
0.219606,3
0.220362,1
0.22112,1
0.221882,2
0.222645,1
0.223412,2
0.224181,2
0.224952,6
0.225727,0
0.226504,4
0.227283,3
0.228066,0
0.228851,4
0.229639,4
0.230429,1
0.231222,2
0.232018,4
0.232817,5
0.233618,3
0.234422,2
0.235229,1
0.236039,4
0.236852,5
0.237667,1
0.238485,2
0.239306,3
0.24013,0
0.240956,2
0.241786,3
0.242618,4
0.243453,1
0.244291,3
0.245132,3
0.245976,9
0.246822,4
0.247672,9
0.248525,5
0.24938,4
0.250239,3
0.2511,3
0.251964,2
0.252832,1
0.253702,2
0.254575,1
0.255452,1
0.256331,2
0.257213,4
0.258099,2
0.258987,1
0.259878,2
0.260773,5
0.261671,5
0.262571,0
0.263475,2
0.264382,5
0.265292,2
0.266205,1
0.267122,2
0.268041,5
0.268964,1
0.26989,1
0.270819,4
0.271751,7
0.272686,2
0.273625,2
0.274567,3
0.275512,3
0.27646,1
0.277412,2
0.278367,5
0.279325,1
0.280287,3
0.281252,6
0.28222,4
0.283191,0
0.284166,4
0.285144,2
0.286126,4
0.287111,2
0.288099,1
0.289091,2
0.290086,3
0.291084,4
0.292086,3
0.293092,2
0.294101,0
0.295113,6
0.296129,2
0.297148,5
0.298171,1
0.299197,2
0.300227,1
0.301261,4
0.302298,7
0.303338,2
0.304382,4
0.30543,4
0.306482,3
0.307536,6
0.308595,3
0.309657,5
0.310723,0
0.311793,3
0.312866,3
0.313943,4
0.315024,3
0.316108,5
0.317196,4
0.318288,3
0.319384,4
0.320483,3
0.321586,1
0.322693,1
0.323804,6
0.324919,5
0.326037,3
0.327159,4
0.328286,6
0.329416,5
0.330549,1
0.331687,5
0.332829,1
0.333975,2
0.335124,5
0.336278,4
0.337435,6
0.338597,3
0.339763,4
0.340932,6
0.342106,5
0.343283,4
0.344465,3
0.345651,2
0.34684,5
0.348034,6
0.349232,3
0.350434,6
0.351641,1
0.352851,0
0.354066,9
0.355285,1
0.356508,6
0.357735,4
0.358966,1
0.360202,3
0.361442,2
0.362686,4
0.363934,2
0.365187,3
0.366444,3
0.367705,2
0.368971,1
0.370241,2
0.371516,2
0.372795,4
0.374078,2
0.375365,6
0.376658,2
0.377954,7
0.379255,3
0.380561,7
0.381871,4
0.383185,3
0.384504,7
0.385828,5
0.387156,7
0.388488,4
0.389826,5
0.391168,2
0.392514,4
0.393865,1
0.395221,3
0.396581,1
0.397946,3
0.399316,3
0.400691,6
0.40207,3
0.403454,5
0.404843,10
0.406236,4
0.407635,1
0.409038,4
0.410446,5
0.411859,2
0.413277,2
0.414699,4
0.416127,2
0.417559,4
0.418996,2
0.420439,3
0.421886,7
0.423338,4
0.424795,2
0.426258,7
0.427725,4
0.429197,1
0.430675,4
0.432157,1
0.433645,4
0.435137,7
0.436635,10
0.438138,5
0.439646,10
0.44116,7
0.442678,0
0.444202,4
0.445731,8
0.447265,4
0.448805,6
0.45035,2
0.4519,3
0.453456,4
0.455017,8
0.456583,4
0.458155,8
0.459732,4
0.461314,8
0.462902,2
0.464495,4
0.466094,7
0.467699,3
0.469309,5
0.470924,3
0.472545,2
0.474172,9
0.475804,6
0.477442,8
0.479085,7
0.480734,2
0.482389,4
0.48405,6
0.485716,10
0.487388,8
0.489066,7
0.490749,8
0.492438,2
0.494133,3
0.495834,4
0.497541,3
0.499254,3
0.500972,1
0.502697,5
0.504427,5
0.506164,7
0.507906,1
0.509654,3
0.511409,4
0.513169,9
0.514935,8
0.516708,4
0.518486,3
0.520271,5
0.522062,1
0.523859,6
0.525662,5
0.527472,5
0.529288,5
0.531109,9
0.532938,5
0.534772,4
0.536613,1
0.53846,6
0.540314,5
0.542174,3
0.54404,4
0.545913,5
0.547792,4
0.549677,5
0.551569,4
0.553468,2
0.555373,8
0.557285,8
0.559203,5
0.561128,5
0.56306,3
0.564998,7
0.566943,8
0.568894,6
0.570853,5
0.572818,2
0.574789,4
0.576768,6
0.578753,3
0.580745,7
0.582744,2
0.58475,7
0.586763,2
0.588783,4
0.59081,6
0.592843,4
0.594884,7
0.596932,8
0.598987,8
0.601049,3
0.603117,5
0.605194,5
0.607277,8
0.609367,8
0.611465,1
0.61357,7
0.615682,3
0.617801,5
0.619927,3
0.622061,5
0.624203,5
0.626351,1
0.628507,1
0.630671,8
0.632842,3
0.63502,3
0.637206,4
0.639399,8
0.6416,6
0.643809,7
0.646025,1
0.648249,3
0.65048,5
0.652719,2
0.654966,4
0.657221,7
0.659483,4
0.661753,6
0.664031,9
0.666317,5
0.66861,9
0.670912,5
0.673221,5
0.675539,9
0.677864,6
0.680197,7
0.682539,6
0.684888,6
0.687246,3
0.689611,6
0.691985,4
0.694367,9
0.696757,4
0.699156,5
0.701562,9
0.703977,3
0.706401,8
0.708832,9
0.711272,7
0.713721,9
0.716177,6
0.718643,6
0.721116,2
0.723599,2
0.726089,4
0.728589,3
0.731097,6
0.733613,5
0.736139,9
0.738673,3
0.741215,19
0.743767,1
0.746327,3
0.748896,2
0.751474,8
0.754061,4
0.756656,11
0.759261,6
0.761874,19
0.764497,7
0.767128,6
0.769769,6
0.772419,8
0.775078,1
0.777746,4
0.780423,3
0.783109,4
0.785805,12
0.78851,6
0.791224,9
0.793948,4
0.79668,10
0.799423,10
0.802175,11
0.804936,7
0.807707,6
0.810487,6
0.813277,3
0.816076,3
0.818885,7
0.821704,5
0.824533,12
0.827371,9
0.830219,9
0.833077,5
0.835944,3
0.838822,3
0.841709,9
0.844607,3
0.847514,3
0.850431,9
0.853359,5
0.856296,6
0.859244,5
0.862201,4
0.865169,5
0.868147,8
0.871136,7
0.874135,4
0.877143,0
0.880163,5
0.883193,3
0.886233,4
0.889283,4
0.892344,5
0.895416,4
0.898498,5
0.901591,4
0.904695,6
0.907809,10
0.910934,8
0.914069,8
0.917216,5
0.920373,6
0.923541,6
0.92672,8
0.92991,3
0.933111,6
0.936323,4
0.939546,3
0.94278,6
0.946026,4
0.949282,7
0.95255,2
0.955829,8
0.959119,2
0.96242,7
0.965733,7
0.969057,5
0.972393,5
0.97574,5
0.979099,4
0.982469,3
0.985851,7
0.989245,7
0.99265,4
0.996067,3
0.999495,4
1.00294,6
1.00639,8
1.00985,5
1.01333,3
1.01682,3
1.02032,8
1.02383,7
1.02735,4
1.03089,5
1.03444,9
1.038,5
1.04157,6
1.04516,3
1.04876,5
1.05237,4
1.05599,3
1.05962,3
1.06327,4
1.06693,7
1.0706,10
1.07429,5
1.07799,5
1.0817,3
1.08542,6
1.08916,7
1.09291,8
1.09667,7
1.10044,6
1.10423,5
1.10803,12
1.11185,7
1.11567,4
1.11951,4
1.12337,7
1.12723,7
1.13111,2
1.13501,3
1.13891,8
1.14283,7
1.14677,6
1.15072,4
1.15468,10
1.15865,5
1.16264,2
1.16664,5
1.17066,8
1.17469,3
1.17873,6
1.18279,1
1.18686,4
1.19095,6
1.19505,7
1.19916,6
1.20329,3
1.20743,2
1.21158,4
1.21576,9
1.21994,6
1.22414,2
1.22835,6
1.23258,5
1.23682,7
1.24108,6
1.24535,3
1.24964,4
1.25394,5
1.25826,5
1.26259,5
1.26694,6
1.2713,3
1.27567,5
1.28006,1
1.28447,8
1.28889,6
1.29333,4
1.29778,9
1.30225,5
1.30673,12
1.31123,4
1.31574,7
1.32027,11
1.32482,8
1.32938,5
1.33395,5
1.33854,5
1.34315,6
1.34777,4
1.35241,6
1.35707,1
1.36174,8
1.36643,6
1.37113,5
1.37585,6
1.38059,5
1.38534,3
1.39011,7
1.39489,3
1.3997,6
1.40451,4
1.40935,4
1.4142,3
1.41907,3
1.42395,3
1.42885,4
1.43377,4
1.43871,4
1.44366,9
1.44863,6
1.45362,1
1.45862,3
1.46364,5
1.46868,3
1.47373,2
1.47881,2
1.4839,4
1.48901,7
1.49413,2
1.49927,6
1.50443,5
1.50961,4
1.51481,5
1.52002,3
1.52526,4
1.53051,6
1.53577,3
1.54106,6
1.54637,5
1.55169,3
1.55703,3
1.56239,5
1.56777,6
1.57316,4
1.57858,4
1.58401,5
1.58947,4
1.59494,7
1.60043,3
1.60594,3
1.61146,4
1.61701,6
1.62258,7
1.62816,3
1.63377,4
1.63939,4
1.64503,4
1.6507,1
1.65638,2
1.66208,7
1.6678,6
1.67354,4
1.6793,3
1.68508,3
1.69088,1
1.69671,3
1.70255,2
1.70841,3
1.71429,5
1.72019,3
1.72611,2
1.73205,5
1.73801,5
1.744,5
1.75,5
1.75602,7
1.76207,3
1.76813,4
1.77422,1
1.78033,3
1.78645,1
1.7926,3
1.79877,6
1.80497,5
1.81118,3
1.81741,1
1.82367,4
1.82995,5
1.83625,7
1.84257,1
1.84891,4
1.85527,3
1.86166,3
1.86807,6
1.8745,1
1.88095,8
1.88743,4
1.89392,7
1.90044,5
1.90698,6
1.91355,2
1.92014,5
1.92674,5
1.93338,2
1.94003,6
1.94671,10
1.95341,2
1.96014,6
1.96688,2
1.97365,6
1.98045,6
1.98726,2
1.9941,3
2.00097,4
2.00786,2
2.01477,5
2.0217,5
2.02866,3
2.03565,2
2.04265,6
2.04968,4
2.05674,5
2.06382,3
2.07092,2
2.07805,5
2.08521,2
2.09238,2
2.09959,3
2.10681,3
2.11406,1
2.12134,1
2.12864,6
2.13597,2
2.14332,2
2.1507,1
2.1581,1
2.16553,3
2.17299,4
2.18047,3
2.18797,6
2.19551,5
2.20306,5
2.21065,4
2.21826,1
2.22589,6
2.23355,1
2.24124,5
2.24896,1
2.2567,3
2.26447,2
2.27226,4
2.28008,4
2.28793,2
2.29581,1
2.30371,4
2.31164,7
2.3196,4
2.32758,1
2.33559,1
2.34363,4
2.3517,0
2.3598,0
2.36792,7
2.37607,2
2.38425,2
2.39245,4
2.40069,2
2.40895,1
2.41725,1
2.42557,3
2.43392,4
2.44229,4
2.4507,4
2.45914,2
2.4676,1
2.4761,3
2.48462,3
2.49317,0
2.50175,4
2.51037,2
2.51901,2
2.52768,0
2.53638,2
2.54511,4
2.55387,1
2.56266,6
2.57148,9
2.58033,1
2.58922,3
2.59813,3
2.60707,2
2.61605,2
2.62505,5
2.63409,7
2.64315,0
2.65225,2
2.66138,2
2.67054,7
2.67974,5
2.68896,1
2.69822,2
2.7075,5
2.71682,2
2.72618,1
2.73556,4
2.74498,2
2.75443,3
2.76391,2
2.77342,2
2.78297,3
2.79255,0
2.80216,4
2.81181,1
2.82148,3
2.8312,2
2.84094,4
2.85072,4
2.86053,1
2.87038,1
2.88026,5
2.89018,1
2.90012,4
2.91011,6
2.92013,2
2.93018,3
2.94026,3
2.95038,3
2.96054,3
2.97073,5
2.98096,4
2.99122,6
3.00151,4
3.01185,1
3.02221,3
3.03262,3
3.04306,3
3.05353,1
3.06404,2
3.07459,1
3.08517,2
3.09579,2
3.10645,3
3.11714,2
3.12787,1
3.13864,4
3.14944,6
3.16028,4
3.17116,2
3.18208,5
3.19303,6
3.20402,7
3.21505,6
3.22612,2
3.23722,2
3.24837,0
3.25955,2
3.27077,4
3.28203,3
3.29332,1
3.30466,3
3.31604,7
3.32745,6
3.3389,4
3.3504,1
3.36193,0
3.3735,5
3.38512,4
3.39677,3
3.40846,3
3.42019,1
3.43197,3
3.44378,4
3.45563,3
3.46753,5
3.47947,0
3.49144,2
3.50346,3
3.51552,3
3.52762,1
3.53976,5
3.55195,4
3.56418,3
3.57644,2
3.58876,3
3.60111,5
3.6135,7
3.62594,1
3.63842,2
3.65095,3
3.66352,3
3.67613,3
3.68878,2
3.70148,3
3.71422,3
3.72701,1
3.73983,4
3.75271,5
3.76563,2
3.77859,9
3.79159,0
3.80465,0
3.81774,5
3.83088,4
3.84407,2
3.8573,2
3.87058,4
3.8839,5
3.89727,0
3.91069,5
3.92415,1
3.93766,1
3.95121,4
3.96481,4
3.97846,4
3.99216,5
4.0059,8
4.01969,3
4.03352,6
4.04741,5
4.06134,1
4.07532,1
4.08935,5
4.10342,5
4.11755,3
4.13172,4
4.14595,4
4.16022,5
4.17454,4
4.18891,3
4.20333,3
4.21779,7
4.23231,4
4.24688,2
4.2615,7
4.27617,7
4.29089,3
4.30566,9
4.32048,1
4.33535,2
4.35028,7
4.36525,6
4.38028,5
4.39535,3
4.41048,6
4.42567,1
4.4409,8
4.45619,9
4.47153,4
4.48692,4
4.50236,4
4.51786,7
4.53341,2
4.54902,4
4.56468,5
4.58039,3
4.59616,3
4.61198,5
4.62785,6
4.64378,3
4.65977,7
4.67581,4
4.6919,5
4.70805,5
4.72426,2
4.74052,8
4.75684,8
4.77321,3
4.78964,5
4.80613,3
4.82268,7
4.83928,6
4.85593,4
4.87265,4
4.88942,2
4.90625,4
4.92314,5
4.94009,6
4.95709,3
4.97416,4
4.99128,9
5.00846,5
5.0257,7
5.043,7
5.06036,6
5.07778,4
5.09526,6
5.11279,6
5.13039,5
5.14805,4
5.16578,7
5.18356,9
5.2014,9
5.2193,8
5.23727,2
5.2553,4
5.27339,9
5.29154,3
5.30976,6
5.32803,3
5.34637,5
5.36478,6
5.38324,8
5.40177,8
5.42037,6
5.43903,1
5.45775,11
5.47653,3
5.49539,7
5.5143,7
5.53328,6
5.55233,6
5.57144,5
5.59062,2
5.60987,4
5.62918,4
5.64855,7
5.668,5
5.68751,4
5.70708,7
5.72673,11
5.74644,5
5.76622,7
5.78607,6
5.80599,5
5.82597,8
5.84603,7
5.86615,7
5.88634,6
5.90661,6
5.92694,6
5.94734,5
5.96781,2
5.98836,8
6.00897,2
6.02965,12
6.05041,9
6.07124,4
6.09213,7
6.1131,8
6.13415,8
6.15526,9
6.17645,8
6.19771,13
6.21904,7
6.24045,7
6.26193,8
6.28349,5
6.30512,7
6.32682,10
6.3486,13
6.37045,7
6.39238,7
6.41439,5
6.43647,8
6.45862,8
6.48085,7
6.50316,4
6.52555,9
6.54801,11
6.57055,7
6.59317,6
6.61586,6
6.63863,7
6.66149,9
6.68442,12
6.70743,9
6.73051,11
6.75368,7
6.77693,9
6.80026,7
6.82367,6
6.84715,8
6.87072,14
6.89437,10
6.91811,12
6.94192,12
6.96582,6
6.98979,9
7.01385,5
7.038,4
7.06222,11
7.08653,5
7.11093,11
7.13541,12
7.15997,7
7.18461,5
7.20934,13
7.23416,8
7.25906,9
7.28405,13
7.30912,11
7.33428,11
7.35953,10
7.38486,3
7.41028,10
7.43579,18
7.46139,11
7.48707,10
7.51284,12
7.5387,9
7.56465,10
7.59069,13
7.61682,12
7.64304,16
7.66935,13
7.69575,16
7.72224,9
7.74882,14
7.77549,9
7.80226,16
7.82912,13
7.85607,11
7.88311,12
7.91024,8
7.93747,12
7.96479,11
7.99221,12
8.01972,10
8.04733,11
8.07503,8
8.10283,11
8.13072,13
8.1587,10
8.18679,8
8.21497,12
8.24325,12
8.27162,17
8.3001,8
8.32867,16
8.35734,12
8.3861,11
8.41497,15
8.44394,9
8.473,11
8.50217,17
8.53143,10
8.5608,9
8.59027,10
8.61984,11
8.64951,14
8.67928,16
8.70916,16
8.73914,16
8.76922,16
8.79941,10
8.8297,5
8.86009,17
8.89059,9
8.92119,13
8.9519,15
8.98272,7
9.01364,11
9.04466,18
9.0758,15
9.10704,17
9.13839,19
9.16984,20
9.20141,14
9.23308,23
9.26486,12
9.29676,13
9.32876,7
9.36087,19
9.39309,19
9.42542,22
9.45787,22
9.49042,19
9.52309,17
9.55587,15
9.58877,12
9.62177,12
9.65489,20
9.68813,22
9.72148,22
9.75494,16
9.78852,15
9.82221,14
9.85602,15
9.88995,14
9.92399,23
9.95816,18
9.99243,17
10.0268,16
10.0613,17
10.096,14
10.1307,18
10.1656,13
10.2006,22
10.2357,14
10.2709,15
10.3063,18
10.3418,17
10.3774,16
10.4131,29
10.4489,18
10.4849,18
10.521,22
10.5572,17
10.5936,13
10.63,28
10.6666,24
10.7033,24
10.7402,17
10.7771,12
10.8142,26
10.8515,26
10.8888,28
10.9263,24
10.9639,19
11.0016,29
11.0395,15
11.0775,20
11.1156,22
11.1539,20
11.1923,21
11.2308,23
11.2695,33
11.3083,17
11.3472,23
11.3863,28
11.4255,16
11.4648,32
11.5043,22
11.5439,21
11.5836,24
11.6235,27
11.6635,24
11.7036,16
11.7439,25
11.7843,26
11.8249,28
11.8656,23
11.9065,29
11.9474,32
11.9886,17
12.0298,35
12.0712,44
12.1128,24
12.1545,29
12.1963,36
12.2383,28
12.2804,30
12.3227,24
12.3651,31
12.4077,28
12.4504,29
12.4933,25
12.5363,35
12.5794,32
12.6227,30
12.6662,21
12.7098,29
12.7535,24
12.7974,32
12.8415,26
12.8857,36
12.93,32
12.9745,36
13.0192,25
13.064,30
13.109,30
13.1541,29
13.1994,33
13.2448,29
13.2904,44
13.3362,27
13.3821,34
13.4281,25
13.4743,31
13.5207,30
13.5673,32
13.614,25
13.6608,23
13.7079,35
13.755,31
13.8024,34
13.8499,39
13.8976,34
13.9454,34
13.9934,25
14.0416,31
14.0899,26
14.1384,35
14.1871,36
14.2359,44
14.2849,37
14.3341,37
14.3834,32
14.433,36
14.4826,33
14.5325,44
14.5825,49
14.6327,42
14.6831,50
14.7336,39
14.7843,39
14.8352,33
14.8863,43
14.9375,35
14.989,33
15.0406,49
15.0923,50
15.1443,52
15.1964,37
15.2487,34
15.3012,29
15.3539,34
15.4067,40
15.4598,50
15.513,38
15.5664,49
15.62,36
15.6737,39
15.7277,43
15.7818,36
15.8361,37
15.8907,31
15.9454,40
16.0002,41
16.0553,42
16.1106,37
16.166,49
16.2217,45
16.2775,43
16.3336,54
16.3898,46
16.4462,41
16.5028,46
16.5596,51
16.6166,51
16.6738,53
16.7312,50
16.7888,64
16.8466,44
16.9046,50
16.9628,46
17.0212,44
17.0798,44
17.1385,38
17.1975,65
17.2567,60
17.3161,61
17.3757,55
17.4356,61
17.4956,52
17.5558,48
17.6162,53
17.6769,47
17.7377,50
17.7988,48
17.86,61
17.9215,54
17.9832,40
18.0451,66
18.1072,63
18.1696,66
18.2321,60
18.2949,58
18.3578,59
18.421,71
18.4844,54
18.5481,62
18.6119,65
18.676,67
18.7403,67
18.8048,63
18.8695,65
18.9345,61
18.9996,61
19.065,43
19.1307,68
19.1965,77
19.2626,57
19.3289,60
19.3954,68
19.4622,72
19.5292,71
19.5964,80
19.6639,71
19.7316,65
19.7995,74
19.8676,76
19.936,72
20.0046,63
20.0735,75
20.1426,55
20.2119,70
20.2815,80
20.3513,83
20.4214,71
20.4917,68
20.5622,67
20.633,74
20.704,75
20.7753,72
20.8468,68
20.9186,75
20.9906,76
21.0628,85
21.1353,74
21.2081,91
21.2811,63
21.3543,69
21.4278,86
21.5016,63
21.5756,94
21.6499,80
21.7244,86
21.7992,79
21.8742,81
21.9495,84
22.0251,94
22.1009,89
22.177,90
22.2533,96
22.3299,93
22.4068,75
22.4839,76
22.5613,82
22.6389,88
22.7169,83
22.7951,106
22.8735,90
22.9523,86
23.0313,90
23.1106,86
23.1901,94
23.2699,82
23.35,97
23.4304,94
23.5111,94
23.592,93
23.6732,97
23.7547,93
23.8365,106
23.9185,95
24.0008,89
24.0835,108
24.1664,107
24.2496,113
24.333,101
24.4168,121
24.5008,117
24.5852,104
24.6698,106
24.7547,121
24.8399,104
24.9254,99
25.0112,117
25.0973,121
25.1837,117
25.2704,118
25.3574,99
25.4447,111
25.5323,131
25.6202,102
25.7083,133
25.7968,110
25.8856,124
25.9747,112
26.0641,111
26.1539,125
26.2439,145
26.3342,117
26.4249,116
26.5158,139
26.6071,121
26.6987,128
26.7906,131
26.8828,126
26.9754,117
27.0682,123
27.1614,137
27.2549,116
27.3487,141
27.4428,147
27.5373,163
27.6321,141
27.7272,111
27.8227,138
27.9184,147
28.0145,141
28.111,140
28.2077,146
28.3048,148
28.4023,149
28.5,130
28.5981,141
28.6966,129
28.7954,151
28.8945,155
28.9939,135
29.0937,159
29.1939,154
29.2944,151
29.3952,154
29.4964,150
29.5979,115
29.6998,168
29.802,155
29.9046,168
30.0076,163
30.1109,161
30.2145,172
30.3185,165
30.4229,155
30.5276,186
30.6327,171
30.7381,169
30.8439,156
30.9501,178
31.0566,165
31.1636,177
31.2708,195
31.3785,177
31.4865,187
31.5949,189
31.7036,187
31.8128,185
31.9223,187
32.0321,170
32.1424,171
32.253,176
32.3641,190
32.4755,188
32.5873,182
32.6994,198
32.812,182
32.9249,186
33.0383,197
33.152,185
33.2661,215
33.3806,194
33.4955,185
33.6108,205
33.7265,223
33.8426,208
33.9591,198
34.076,182
34.1933,218
34.311,187
34.4291,218
34.5476,235
34.6665,202
34.7859,253
34.9056,215
35.0258,210
35.1463,228
35.2673,202
35.3887,213
35.5105,204
35.6328,214
35.7554,225
35.8785,248
36.002,236
36.1259,232
36.2503,229
36.3751,211
36.5003,253
36.6259,245
36.752,244
36.8785,233
37.0054,253
37.1328,225
37.2606,248
37.3889,272
37.5176,239
37.6468,276
37.7763,258
37.9064,257
38.0369,261
38.1678,272
38.2992,252
38.431,263
38.5633,256
38.696,271
38.8292,260
38.9629,286
39.097,267
39.2316,273
39.3666,290
39.5022,288
39.6381,289
39.7746,288
39.9115,302
40.0489,276
40.1867,289
40.3251,285
40.4639,287
40.6032,294
40.7429,305
40.8832,281
41.0239,292
41.1651,276
41.3068,335
41.449,348
41.5917,331
41.7348,326
41.8785,300
42.0227,365
42.1673,335
42.3125,358
42.4581,335
42.6043,344
42.7509,309
42.8981,328
43.0457,364
43.1939,344
43.3426,321
43.4918,359
43.6415,337
43.7917,346
43.9425,359
44.0937,330
44.2455,353
44.3978,340
44.5506,342
44.704,347
44.8579,368
45.0123,347
45.1672,375
45.3227,367
45.4787,371
45.6353,368
45.7923,378
45.95,368
46.1081,388
46.2669,350
46.4261,400
46.5859,368
46.7463,367
46.9072,404
47.0687,409
47.2307,392
47.3933,424
47.5564,409
47.7201,395
47.8844,422
48.0492,391
48.2146,423
48.3806,411
48.5471,402
48.7142,398
48.8819,391
49.0501,440
49.219,432
49.3884,408
49.5584,421
49.729,442
49.9002,424
50.072,416
50.2443,429
50.4173,458
50.5908,438
50.765,455
50.9397,424
51.1151,510
51.291,469
51.4676,403
51.6447,437
51.8225,446
52.0009,470
52.1799,416
52.3595,490
52.5397,461
52.7206,462
52.9021,444
53.0842,471
53.2669,432
53.4502,484
53.6342,457
53.8188,450
54.0041,453
54.19,429
54.3765,432
54.5637,472
54.7515,475
54.94,441
55.1291,452
55.3189,442
55.5093,460
55.7004,464
55.8921,395
56.0845,418
56.2776,441
56.4713,451
56.6657,430
56.8607,458
57.0565,405
57.2529,428
57.4499,411
57.6477,414
57.8461,421
58.0452,415
58.245,413
58.4455,385
58.6467,403
58.8486,363
59.0512,376
59.2544,379
59.4584,374
59.6631,351
59.8684,352
60.0745,349
60.2813,335
60.4888,302
60.697,320
60.906,325
61.1156,308
61.326,296
61.5371,327
61.7489,304
61.9615,300
62.1748,277
62.3888,291
62.6035,267
62.819,243
63.0353,233
63.2522,205
63.47,256
63.6885,236
63.9077,241
64.1277,216
64.3484,213
64.5699,197
64.7922,217
65.0152,199
65.239,168
65.4636,165
65.6889,181
65.915,159
66.1419,154
66.3696,141
66.5981,138
66.8273,144
67.0573,127
67.2882,113
67.5198,105
67.7522,127
67.9854,110
68.2194,87
68.4543,85
68.6899,80
68.9264,82
69.1636,77
69.4017,74
69.6406,70
69.8803,66
70.1209,55
70.3622,57
70.6044,47
70.8475,47
71.0913,52
71.336,53
71.5816,43
71.828,38
72.0753,29
72.3234,38
72.5723,31
72.8221,29
73.0728,31
73.3243,28
73.5767,18
73.83,18
74.0841,17
74.3391,15
74.595,15
74.8518,12
75.1095,5
75.368,9
75.6274,11
75.8878,9
76.149,6
76.4111,4
76.6741,6
76.9381,7
77.2029,4
77.4687,2
77.7353,6
78.0029,2
78.2714,2
78.5408,1
78.8112,0
79.0825,2
79.3547,0
79.6279,1
79.902,4
80.177,2
80.453,2
80.7299,3
81.0078,2
81.2867,5
81.5665,0
81.8472,1
82.129,2
82.4117,0
82.6954,1
82.98,0
83.2656,1
83.5523,0
83.8399,0
84.1285,0
84.4181,0
84.7086,0
85.0002,0
85.2928,0
85.5864,0
85.881,1
86.1767,0
86.4733,1
86.771,0
87.0696,3
87.3693,0
87.6701,0
87.9719,1
88.2747,0
88.5786,0
88.8835,0
89.1894,0
89.4964,0
89.8045,0
90.1136,0
90.4238,0
90.7351,0
91.0474,0
91.3608,1
91.6753,0
91.9909,0
92.3075,0
92.6253,0
92.9441,0
93.264,1
93.5851,0
93.9072,0
94.2305,1
94.5548,0
94.8803,0
95.2069,0
95.5346,0
95.8635,0
96.1935,0
96.5246,0
96.8568,0
97.1902,0
97.5248,0
97.8605,0
98.1974,0
98.5354,0
98.8746,0
99.2149,0
99.5564,0
99.8991,1
100.243,0
100.588,0
100.934,0
101.282,0
101.63,1
101.98,3
102.331,0
102.684,0
103.037,1
103.392,0
103.748,0
104.105,0
104.463,0
104.823,0
105.183,1
105.545,0
105.909,0
106.273,0
106.639,0
107.006,0
107.375,0
107.744,0
108.115,0
108.487,1
108.861,0
109.235,1
109.611,0
109.989,0
110.367,0
110.747,0
111.128,0
111.511,0
111.895,0
112.28,0
112.666,0
113.054,0
113.443,0
113.834,0
114.226,0
114.619,0
115.014,0
115.409,0
115.807,0
116.205,0
116.605,0
117.007,0
117.41,0
117.814,0
118.219,0
118.626,0
119.034,0
119.444,0
119.855,0
120.268,0
120.682,0
121.097,0
121.514,0
121.932,0
122.352,0
122.773,0
123.196,0
123.62,0
124.046,0
124.473,0
124.901,0
125.331,0
125.762,0
126.195,0
126.63,0
127.066,0
127.503,0
127.942,0
128.382,0
128.824,0
129.268,0
129.713,0
130.159,0
130.607,0
131.057,0
131.508,0
131.961,0
132.415,0
132.871,0
133.328,0
133.787,0
134.247,0
134.709,0
135.173,0
135.638,0
136.105,0
136.574,0
137.044,0
137.516,0
137.989,0
138.464,0
138.941,0
139.419,0
139.899,0
140.38,0
140.864,0
141.349,0
141.835,0
142.323,0
142.813,0
143.305,0
143.798,0
144.293,0
144.79,0
145.288,0
145.788,0
146.29,0
146.794,0
147.299,0
147.806,0
148.315,0
148.825,0
149.338,0
149.852,0
150.368,0
150.885,0
151.405,0
151.926,0
152.449,0
152.973,0
153.5,0
154.028,0
154.559,0
155.091,0
155.624,0
156.16,0
156.698,0
157.237,0
157.778,0
158.321,0
158.866,0
159.413,0
159.962,0
160.513,0
161.065,0
161.62,0
162.176,0
162.734,0
163.294,0
163.856,0
164.42,0
164.986,0
165.554,0
166.124,0
166.696,0
167.27,0
167.846,0
168.423,0
169.003,0
169.585,0
170.169,0
170.754,0
171.342,0
171.932,0
172.524,0
173.118,0
173.714,0
174.312,0
174.912,0
175.514,0
176.118,0
176.724,0
177.332,0
177.943,0
178.555,0
179.17,0
179.787,0
180.406,0
181.027,0
181.65,0
182.275,0
182.902,0
183.532,0
184.164,0
184.798,0
185.434,0
186.072,0
186.713,0
187.355,0
188,0
188.647,0
189.297,0
189.948,0
190.602,0
191.258,0
191.917,0
192.577,0
193.24,0
193.905,0
194.573,0
195.243,0
195.915,0
196.589,0
197.266,0
197.945,0
198.626,0
199.31,0
199.996,0
200.684,0
201.375,0
202.068,0
202.764,0
203.462,0
204.162,0
204.865,0
205.57,0
206.278,0
206.988,0
207.7,0
208.415,0
209.133,0
209.853,0
210.575,0
211.3,0
212.027,0
212.757,0
213.489,0
214.224,0
214.962,0
215.702,0
216.444,0
217.189,0
217.937,0
218.687,0
219.44,0
220.195,0
220.953,0
221.714,0
222.477,0
223.243,0
224.011,0
224.782,0
225.556,0
226.332,0
227.111,0
227.893,0
228.678,0
229.465,0
230.255,0
231.047,0
231.843,0
232.641,0
233.441,0
234.245,0
235.051,0
235.86,0
236.672,0
237.487,0
238.304,0
239.125,0
239.948,0
240.774,0
241.603,0
242.434,0
243.269,0
244.106,0
244.946,0
245.79,0
246.636,0
247.485,0
248.337,0
249.191,0
250.049,0
250.91,0
251.774,0
252.64,0
253.51,0
254.383,0
255.258,0
256.137,0
257.019,0
257.903,0
258.791,0
259.682,0
260.576,0
261.473,0
262.373,0
263.276,0
264.182,0
265.092,0
266.004,0
266.92,0
267.838,0
268.76,0
269.686,0
270.614,0
271.545,0
272.48,0
273.418,0
274.359,0
275.304,0
276.251,0
277.202,0
278.156,0
279.114,0
280.075,0
281.039,0
282.006,0
282.977,0
283.951,0
284.928,0
285.909,0
286.893,0
287.881,0
288.872,0
289.866,0
290.864,0
291.865,0
292.87,0
293.878,0
294.89,0
295.905,0
296.923,0
297.945,0
298.971,0
300,
