0.01,92,870.558
0.0100344,122
0.010069,110
0.0101036,120
0.0101384,129
0.0101733,105
0.0102083,126
0.0102435,136
0.0102787,134
0.0103141,145
0.0103496,125
0.0103852,138
0.010421,156
0.0104568,169
0.0104928,189
0.010529,174
0.0105652,192
0.0106016,208
0.0106381,180
0.0106747,206
0.0107114,219
0.0107483,196
0.0107853,233
0.0108224,241
0.0108597,226
0.0108971,204
0.0109346,266
0.0109722,404
0.01101,428
0.0110479,529
0.0110859,1446
0.0111241,2124
0.0111624,2141
0.0112008,2109
0.0112393,2080
0.011278,1999
0.0113168,2103
0.0113558,2107
0.0113949,1974
0.0114341,1992
0.0114735,1959
0.011513,1991
0.0115526,1898
0.0115924,1996
0.0116323,1922
0.0116723,2038
0.0117125,1945
0.0117528,1925
0.0117933,1849
0.0118339,1942
0.0118746,1941
0.0119155,1876
0.0119565,1861
0.0119976,1808
0.0120389,1844
0.0120804,1806
0.012122,1838
0.0121637,1751
0.0122056,1737
0.0122476,1713
0.0122897,6657
0.012332,1848
0.0123745,1753
0.0124171,1888
0.0124598,1815
0.0125027,1769
0.0125458,1845
0.0125889,1763
0.0126323,1711
0.0126758,1710
0.0127194,1684
0.0127632,1661
0.0128071,1673
0.0128512,1650
0.0128954,1583
0.0129398,1674
0.0129844,1607
0.0130291,1657
0.0130739,1694
0.0131189,1584
0.0131641,1603
0.0132094,1610
0.0132548,1608
0.0133005,1567
0.0133463,1620
0.0133922,1597
0.0134383,1520
0.0134846,1412
0.013531,1400
0.0135775,1500
0.0136243,1472
0.0136712,1433
0.0137182,1483
0.0137655,1460
0.0138128,1448
0.0138604,1544
0.0139081,1486
0.013956,1417
0.014004,1452
0.0140522,1434
0.0141006,1493
0.0141491,1481
0.0141978,1375
0.0142467,1416
0.0142957,1379
0.014345,1405
0.0143943,1348
0.0144439,1441
0.0144936,1320
0.0145435,1401
0.0145936,1354
0.0146438,1239
0.0146942,1372
0.0147448,1357
0.0147955,1336
0.0148465,1336
0.0148976,1356
0.0149488,7849
0.0150003,1363
0.0150519,1492
0.0151038,1522
0.0151557,1317
0.0152079,1349
0.0152603,1471
0.0153128,1347
0.0153655,1361
0.0154184,1275
0.0154715,1348
0.0155247,1274
0.0155782,1314
0.0156318,1301
0.0156856,1267
0.0157396,1367
0.0157938,1236
0.0158481,1324
0.0159027,1309
0.0159574,1263
0.0160124,1270
0.0160675,1348
0.0161228,1286
0.0161783,121533
0.016234,2389
0.0162898,3835
0.0163459,2379
0.0164022,2299
0.0164586,2784
0.0165153,1944
0.0165722,2150
0.0166292,1837
0.0166864,1993
0.0167439,1933
0.0168015,2514
0.0168593,5730
0.0169174,2290
0.0169756,2171
0.0170341,2229
0.0170927,1928
0.0171515,1922
0.0172106,2097
0.0172698,1886
0.0173293,1923
0.0173889,2077
0.0174488,1972
0.0175088,1960
0.0175691,2013
0.0176296,1899
0.0176903,2049
0.0177511,1889
0.0178123,1938
0.0178736,1977
0.0179351,2204
0.0179968,2192
0.0180588,2204
0.0181209,2114
0.0181833,2244
0.0182459,2181
0.0183087,2176
0.0183717,2263
0.018435,2151
0.0184984,2441
0.0185621,2326
0.018626,2355
0.0186901,2519
0.0187545,2487
0.018819,2449
0.0188838,7856
0.0189488,2573
0.019014,2666
0.0190795,2541
0.0191451,2709
0.019211,2609
0.0192772,2465
0.0193435,2569
0.0194101,2576
0.0194769,2694
0.019544,2756
0.0196112,2638
0.0196788,2755
0.0197465,2893
0.0198145,2826
0.0198827,2795
0.0199511,2912
0.0200198,88142
0.0200887,3835
0.0201579,4970
0.0202272,3690
0.0202969,3936
0.0203667,3723
0.0204368,3740
0.0205072,3444
0.0205778,3484
0.0206486,5491
0.0207197,3591
0.020791,3821
0.0208626,3741
0.0209344,3763
0.0210065,3772
0.0210788,3758
0.0211513,3927
0.0212241,3903
0.0212972,3945
0.0213705,3767
0.0214441,4061
0.0215179,3721
0.0215919,4064
0.0216663,4010
0.0217408,4018
0.0218157,4100
0.0218908,4213
0.0219661,4205
0.0220417,4075
0.0221176,4169
0.0221938,4349
0.0222701,4371
0.0223468,4324
0.0224237,4334
0.0225009,4332
0.0225784,4412
0.0226561,4581
0.0227341,4593
0.0228123,4601
0.0228909,4618
0.0229697,4807
0.0230487,4790
0.0231281,4734
0.0232077,4756
0.0232876,4838
0.0233677,4887
0.0234482,4897
0.0235289,5005
0.0236099,5084
0.0236911,5303
0.0237727,5088
0.0238545,5375
0.0239366,5404
0.024019,73784
0.0241017,6394
0.0241847,7295
0.0242679,6543
0.0243514,6173
0.0244353,6010
0.0245194,5979
0.0246038,6284
0.0246885,6635
0.0247735,6398
0.0248587,6229
0.0249443,6165
0.0250302,6256
0.0251163,6326
0.0252028,6422
0.0252895,6490
0.0253766,6694
0.0254639,6472
0.0255516,6699
0.0256396,6685
0.0257278,6690
0.0258164,7076
0.0259052,6870
0.0259944,6969
0.0260839,6889
0.0261737,6945
0.0262638,7103
0.0263542,7090
0.0264449,7317
0.0265359,7292
0.0266273,7414
0.0267189,7450
0.0268109,7610
0.0269032,7556
0.0269958,7775
0.0270887,7754
0.027182,7615
0.0272755,8027
0.0273694,7776
0.0274636,7805
0.0275582,8344
0.027653,8195
0.0277482,8198
0.0278437,8096
0.0279396,8382
0.0280357,8269
0.0281323,8393
0.0282291,8222
0.0283263,8225
0.0284238,10757
0.0285216,8432
0.0286198,8686
0.0287183,8526
0.0288172,8699
0.0289164,8856
0.0290159,8641
0.0291158,8573
0.029216,8551
0.0293166,8995
0.0294175,9107
0.0295187,8725
0.0296203,8849
0.0297223,9155
0.0298246,8886
0.0299273,9179
0.0300303,9017
0.0301337,8884
0.0302374,8978
0.0303415,8870
0.0304459,8854
0.0305507,9277
0.0306559,9105
0.0307614,9000
0.0308673,9124
0.0309735,9313
0.0310802,12106
0.0311872,9580
0.0312945,9311
0.0314022,9449
0.0315103,9594
0.0316188,9507
0.0317276,9422
0.0318368,9332
0.0319464,9525
0.0320564,9415
0.0321667,9277
0.0322775,10069
0.0323886,11290
0.0325001,10040
0.0326119,9688
0.0327242,9496
0.0328368,9533
0.0329499,11504
0.0330633,10095
0.0331771,10007
0.0332913,9794
0.0334059,9766
0.0335209,9692
0.0336363,10024
0.0337521,9820
0.0338682,9973
0.0339848,9733
0.0341018,10047
0.0342192,9737
0.034337,9946
0.0344552,10030
0.0345738,10156
0.0346928,10207
0.0348122,10056
0.034932,9968
0.0350523,14797
0.035173,10316
0.035294,10434
0.0354155,10274
0.0355374,10393
0.0356597,10595
0.0357825,10265
0.0359057,10411
0.0360293,10501
0.0361533,11033
0.0362777,10514
0.0364026,12055
0.0365279,10756
0.0366537,10575
0.0367798,11683
0.0369064,11896
0.0370335,10740
0.0371609,10666
0.0372889,10450
0.0374172,10782
0.037546,10882
0.0376753,10447
0.0378049,10530
0.0379351,10775
0.0380657,10884
0.0381967,10600
0.0383282,10836
0.0384601,11048
0.0385925,10642
0.0387253,10886
0.0388586,10830
0.0389924,14448
0.0391266,10879
0.0392613,11053
0.0393965,11084
0.0395321,11446
0.0396681,11056
0.0398047,11265
0.0399417,11246
0.0400792,11597
0.0402172,12208
0.0403556,11378
0.0404945,11452
0.0406339,11934
0.0407738,11595
0.0409141,12169
0.041055,11408
0.0411963,11403
0.0413381,11652
0.0414804,11632
0.0416232,11594
0.0417664,11572
0.0419102,11671
0.0420545,11603
0.0421992,11852
0.0423445,12002
0.0424903,11800
0.0426365,11580
0.0427833,11708
0.0429306,13868
0.0430783,12010
0.0432266,12269
0.0433754,12225
0.0435247,12027
0.0436745,12219
0.0438249,12211
0.0439757,12347
0.0441271,12587
0.044279,12355
0.0444314,12299
0.0445844,13071
0.0447378,12624
0.0448918,12942
0.0450464,12775
0.0452014,12505
0.045357,12647
0.0455131,12819
0.0456698,12752
0.045827,12864
0.0459848,12789
0.0461431,13098
0.0463019,12985
0.0464613,12863
0.0466212,12975
0.0467817,13252
0.0469427,13260
0.0471043,13116
0.0472664,13291
0.0474291,13546
0.0475924,13148
0.0477562,13679
0.0479206,13827
0.0480856,13224
0.0482511,13364
0.0484172,59200
0.0485839,15688
0.0487511,14479
0.0489189,14219
0.0490873,14324
0.0492563,14754
0.0494258,14579
0.0495959,14560
0.0497667,14798
0.049938,14811
0.0501099,14754
0.0502824,15258
0.0504554,14774
0.0506291,15035
0.0508034,15843
0.0509783,15562
0.0511538,15702
0.0513298,15593
0.0515065,15765
0.0516838,16368
0.0518617,16552
0.0520403,16218
0.0522194,16421
0.0523991,16388
0.0525795,16810
0.0527605,16749
0.0529421,17067
0.0531244,16959
0.0533072,17106
0.0534907,17060
0.0536748,17116
0.0538596,17774
0.054045,17633
0.054231,17355
0.0544177,17676
0.054605,18048
0.054793,17853
0.0549816,17952
0.0551709,17689
0.0553608,17833
0.0555513,17946
0.0557426,18399
0.0559344,18370
0.056127,17978
0.0563202,18569
0.056514,18806
0.0567086,18631
0.0569038,18740
0.0570997,18867
0.0572962,19014
0.0574934,19032
0.0576913,19257
0.0578899,19521
0.0580892,19622
0.0582892,19187
0.0584898,19762
0.0586911,19324
0.0588932,19133
0.0590959,19410
0.0592993,19855
0.0595034,19767
0.0597083,20290
0.0599138,20146
0.06012,20121
0.060327,20085
0.0605346,20383
0.060743,21952
0.0609521,21130
0.0611619,21381
0.0613724,20428
0.0615837,20923
0.0617957,21134
0.0620084,20854
0.0622218,20885
0.062436,20941
0.0626509,20928
0.0628666,21151
0.063083,21599
0.0633001,23143
0.063518,21778
0.0637367,21658
0.0639561,21794
0.0641762,21639
0.0643971,21924
0.0646188,23035
0.0648412,22494
0.0650644,22452
0.0652884,23255
0.0655131,22282
0.0657387,22921
0.0659649,22668
0.066192,22969
0.0664199,22709
0.0666485,23276
0.0668779,23176
0.0671081,22826
0.0673391,24231
0.0675709,23713
0.0678035,23477
0.0680369,23985
0.0682711,23885
0.0685061,24104
0.0687419,24111
0.0689785,24420
0.069216,24363
0.0694542,24642
0.0696933,24430
0.0699332,24713
0.0701739,24665
0.0704155,24362
0.0706579,24932
0.0709011,25140
0.0711452,25126
0.0713901,25189
0.0716358,25890
0.0718824,25494
0.0721298,25376
0.0723781,26060
0.0726273,25662
0.0728773,25912
0.0731281,25826
0.0733798,26016
0.0736324,26092
0.0738859,26263
0.0741402,26434
0.0743954,26862
0.0746515,26909
0.0749085,27174
0.0751663,27236
0.0754251,26962
0.0756847,27495
0.0759452,27233
0.0762067,27038
0.076469,27717
0.0767322,27596
0.0769963,27583
0.0772614,27477
0.0775273,28101
0.0777942,28073
0.078062,28055
0.0783307,27987
0.0786003,28051
0.0788709,28361
0.0791424,28814
0.0794148,28852
0.0796882,29049
0.0799625,29325
0.0802377,28977
0.0805139,29594
0.080791,29264
0.0810692,29574
0.0813482,29825
0.0816282,29937
0.0819092,29485
0.0821912,30262
0.0824741,30153
0.082758,30157
0.0830428,30551
0.0833287,31136
0.0836155,31223
0.0839034,31263
0.0841922,31086
0.084482,30730
0.0847728,31792
0.0850646,31461
0.0853574,31809
0.0856512,31778
0.0859461,31931
0.0862419,32055
0.0865388,32411
0.0868367,32571
0.0871356,32774
0.0874355,32930
0.0877365,32862
0.0880385,33359
0.0883415,32959
0.0886456,33680
0.0889508,33828
0.089257,34160
0.0895642,33987
0.0898725,34210
0.0901819,35034
0.0904923,33726
0.0908038,35205
0.0911164,35187
0.09143,35031
0.0917447,35390
0.0920605,34724
0.0923774,35397
0.0926954,35705
0.0930145,35888
0.0933347,36338
0.0936559,35958
0.0939783,36603
0.0943018,36515
0.0946264,37018
0.0949522,36485
0.095279,37185
0.095607,37021
0.0959361,37657
0.0962663,37813
0.0965977,38310
0.0969302,38178
0.0972638,38082
0.0975986,38252
0.0979346,38550
0.0982717,38708
0.09861,38960
0.0989494,39154
0.09929,39019
0.0996318,39542
0.0999748,39408
0.100319,40123
0.100664,39859
0.101011,39939
0.101358,40294
0.101707,40307
0.102057,40837
0.102409,40782
0.102761,41130
0.103115,41693
0.10347,41429
0.103826,41728
0.104183,41873
0.104542,42249
0.104902,42055
0.105263,42222
0.105625,42900
0.105989,42767
0.106354,42477
0.10672,43051
0.107087,44079
0.107456,42920
0.107826,43688
0.108197,44494
0.108569,44351
0.108943,45348
0.109318,44988
0.109694,45105
0.110072,44771
0.110451,45333
0.110831,45177
0.111213,45366
0.111595,45742
0.11198,46283
0.112365,46720
0.112752,46107
0.11314,46859
0.113529,47038
0.11392,47378
0.114312,47791
0.114706,47845
0.115101,47646
0.115497,48250
0.115894,48631
0.116293,48437
0.116694,48560
0.117095,48973
0.117498,49343
0.117903,49421
0.118309,50013
0.118716,50516
0.119125,49945
0.119535,50739
0.119946,50191
0.120359,50522
0.120773,51275
0.121189,51948
0.121606,51279
0.122025,52146
0.122445,52158
0.122866,52194
0.123289,53041
0.123714,53233
0.124139,53237
0.124567,52683
0.124996,53963
0.125426,53754
0.125858,53810
0.126291,54352
0.126726,55012
0.127162,54718
0.127599,54402
0.128039,55641
0.128479,56178
0.128922,55306
0.129365,56120
0.129811,55882
0.130258,56281
0.130706,57502
0.131156,57437
0.131607,56880
0.13206,57427
0.132515,58017
0.132971,58476
0.133429,58273
0.133888,58741
0.134349,59141
0.134811,58853
0.135276,60070
0.135741,60308
0.136208,60125
0.136677,59732
0.137148,60363
0.13762,61024
0.138094,61521
0.138569,61316
0.139046,61805
0.139525,61801
0.140005,61922
0.140487,62814
0.14097,62359
0.141456,63624
0.141943,63066
0.142431,62836
0.142921,63978
0.143413,64153
0.143907,64319
0.144402,64106
0.144899,65597
0.145398,64444
0.145899,65788
0.146401,66173
0.146905,66483
0.147411,66987
0.147918,66203
0.148427,67223
0.148938,67409
0.149451,67670
0.149965,67923
0.150481,68824
0.150999,69231
0.151519,68695
0.152041,69134
0.152564,69311
0.153089,70769
0.153616,70798
0.154145,70498
0.154676,70551
0.155208,71380
0.155742,72016
0.156278,72001
0.156816,72394
0.157356,72250
0.157898,72340
0.158441,72818
0.158987,72868
0.159534,73924
0.160083,73998
0.160634,74314
0.161187,75006
0.161742,74552
0.162299,75923
0.162857,75559
0.163418,76387
0.163981,76128
0.164545,76152
0.165111,77610
0.16568,76948
0.16625,77599
0.166822,77906
0.167397,78867
0.167973,78760
0.168551,78483
0.169131,78975
0.169713,79933
0.170298,79486
0.170884,80257
0.171472,80157
0.172062,80600
0.172654,81358
0.173249,80903
0.173845,82407
0.174444,82447
0.175044,82259
0.175647,82768
0.176251,82520
0.176858,83952
0.177467,84197
0.178078,83881
0.178691,84604
0.179306,85615
0.179923,85085
0.180542,86102
0.181164,85757
0.181787,86577
0.182413,86759
0.183041,87563
0.183671,88967
0.184303,87922
0.184938,88344
0.185574,88051
0.186213,89601
0.186854,90198
0.187497,89273
0.188143,90159
0.18879,90925
0.18944,91119
0.190092,90678
0.190747,91050
0.191403,91787
0.192062,92166
0.192723,92713
0.193387,94116
0.194052,93789
0.19472,93912
0.19539,94687
0.196063,94193
0.196738,95048
0.197415,95501
0.198095,95348
0.198777,96152
0.199461,95737
0.200147,96190
0.200836,97358
0.201528,97376
0.202221,98295
0.202917,97611
0.203616,98093
0.204317,99258
0.20502,99541
0.205726,99646
0.206434,100848
0.207145,100126
0.207858,101268
0.208573,101678
0.209291,102165
0.210012,101769
0.210734,102177
0.21146,101373
0.212188,103443
0.212918,104181
0.213651,102708
0.214386,102755
0.215124,104924
0.215865,105530
0.216608,105432
0.217354,104912
0.218102,106700
0.218853,107113
0.219606,106760
0.220362,107058
0.22112,107320
0.221882,107971
0.222645,108577
0.223412,110101
0.224181,108465
0.224952,109679
0.225727,109224
0.226504,109910
0.227283,110903
0.228066,111822
0.228851,112197
0.229639,112233
0.230429,112476
0.231222,112468
0.232018,112689
0.232817,112980
0.233618,114177
0.234422,113866
0.235229,114856
0.236039,114861
0.236852,115833
0.237667,115881
0.238485,117023
0.239306,116409
0.24013,116422
0.240956,116960
0.241786,116604
0.242618,117758
0.243453,118549
0.244291,118004
0.245132,119707
0.245976,119997
0.246822,119912
0.247672,121189
0.248525,120207
0.24938,121606
0.250239,121894
0.2511,121469
0.251964,122394
0.252832,123111
0.253702,123481
0.254575,123546
0.255452,124567
0.256331,122320
0.257213,124714
0.258099,125061
0.258987,126219
0.259878,126596
0.260773,126136
0.261671,127035
0.262571,127320
0.263475,127170
0.264382,126982
0.265292,128026
0.266205,128233
0.267122,128835
0.268041,128872
0.268964,129026
0.26989,129454
0.270819,129219
0.271751,129777
0.272686,129199
0.273625,131257
0.274567,130411
0.275512,131601
0.27646,132793
0.277412,132044
0.278367,132643
0.279325,132246
0.280287,134314
0.281252,133555
0.28222,133759
0.283191,134443
0.284166,134803
0.285144,134344
0.286126,135088
0.287111,134751
0.288099,135356
0.289091,135774
0.290086,135716
0.291084,137959
0.292086,137670
0.293092,137233
0.294101,138326
0.295113,137284
0.296129,137754
0.297148,137992
0.298171,139111
0.299197,138759
0.300227,139709
0.301261,138930
0.302298,138895
0.303338,139761
0.304382,141092
0.30543,140959
0.306482,140839
0.307536,140840
0.308595,141347
0.309657,140386
0.310723,142338
0.311793,142087
0.312866,142491
0.313943,143605
0.315024,142655
0.316108,142718
0.317196,142353
0.318288,144232
0.319384,143517
0.320483,143924
0.321586,144156
0.322693,144889
0.323804,145387
0.324919,144379
0.326037,143879
0.327159,144841
0.328286,145286
0.329416,146716
0.330549,145134
0.331687,147206
0.332829,146114
0.333975,146609
0.335124,146336
0.336278,147387
0.337435,146408
0.338597,148406
0.339763,147864
0.340932,147694
0.342106,147002
0.343283,147610
0.344465,148570
0.345651,147318
0.34684,148107
0.348034,147973
0.349232,148799
0.350434,148320
0.351641,149223
0.352851,148266
0.354066,149570
0.355285,149100
0.356508,149050
0.357735,148922
0.358966,149219
0.360202,149120
0.361442,148441
0.362686,150000
0.363934,150297
0.365187,148919
0.366444,148498
0.367705,150606
0.368971,149374
0.370241,150105
0.371516,149796
0.372795,148777
0.374078,151623
0.375365,151771
0.376658,150548
0.377954,150092
0.379255,149361
0.380561,150181
0.381871,151439
0.383185,150262
0.384504,150288
0.385828,150482
0.387156,151961
0.388488,150320
0.389826,150555
0.391168,151157
0.392514,149734
0.393865,150542
0.395221,150696
0.396581,149224
0.397946,150338
0.399316,151272
0.400691,150729
0.40207,151146
0.403454,150552
0.404843,150101
0.406236,150335
0.407635,150514
0.409038,150718
0.410446,149293
0.411859,149991
0.413277,148985
0.414699,149493
0.416127,149167
0.417559,151089
0.418996,149390
0.420439,149442
0.421886,149726
0.423338,148237
0.424795,148315
0.426258,148256
0.427725,148478
0.429197,148359
0.430675,148970
0.432157,148833
0.433645,149037
0.435137,148600
0.436635,147821
0.438138,147743
0.439646,147022
0.44116,146364
0.442678,146854
0.444202,146459
0.445731,146560
0.447265,145388
0.448805,145325
0.45035,145852
0.4519,146055
0.453456,145583
0.455017,145734
0.456583,144792
0.458155,144564
0.459732,144358
0.461314,144640
0.462902,143877
0.464495,142516
0.466094,144180
0.467699,143650
0.469309,142498
0.470924,142807
0.472545,142585
0.474172,141802
0.475804,141861
0.477442,140720
0.479085,141021
0.480734,140408
0.482389,141054
0.48405,139595
0.485716,138532
0.487388,139491
0.489066,139481
0.490749,138778
0.492438,137987
0.494133,137897
0.495834,138094
0.497541,137686
0.499254,136464
0.500972,135468
0.502697,136521
0.504427,135609
0.506164,136000
0.507906,134766
0.509654,135002
0.511409,135580
0.513169,133873
0.514935,133297
0.516708,132902
0.518486,132371
0.520271,131397
0.522062,131142
0.523859,132496
0.525662,130759
0.527472,130045
0.529288,129782
0.531109,129576
0.532938,128429
0.534772,129093
0.536613,128599
0.53846,127482
0.540314,127059
0.542174,126444
0.54404,127146
0.545913,126375
0.547792,124216
0.549677,125777
0.551569,124550
0.553468,124533
0.555373,123155
0.557285,122213
0.559203,122645
0.561128,123257
0.56306,122349
0.564998,121249
0.566943,121043
0.568894,119977
0.570853,118837
0.572818,119145
0.574789,118284
0.576768,118020
0.578753,117773
0.580745,117510
0.582744,116453
0.58475,116154
0.586763,115392
0.588783,115817
0.59081,115272
0.592843,113963
0.594884,113720
0.596932,113150
0.598987,113050
0.601049,111929
0.603117,110942
0.605194,111693
0.607277,110923
0.609367,110965
0.611465,109778
0.61357,109478
0.615682,108141
0.617801,107534
0.619927,107192
0.622061,106824
0.624203,106425
0.626351,104974
0.628507,106030
0.630671,104654
0.632842,104343
0.63502,102767
0.637206,102666
0.639399,103066
0.6416,102528
0.643809,101494
0.646025,101693
0.648249,100679
0.65048,100388
0.652719,99407
0.654966,99497
0.657221,98564
0.659483,97425
0.661753,96772
0.664031,96707
0.666317,96347
0.66861,96430
0.670912,95902
0.673221,94153
0.675539,93366
0.677864,93331
0.680197,92822
0.682539,92768
0.684888,91991
0.687246,91179
0.689611,90020
0.691985,90853
0.694367,90088
0.696757,89358
0.699156,88883
0.701562,87372
0.703977,88274
0.706401,86940
0.708832,86324
0.711272,87092
0.713721,85060
0.716177,85023
0.718643,84994
0.721116,84361
0.723599,83740
0.726089,82516
0.728589,83154
0.731097,82142
0.733613,81833
0.736139,80708
0.738673,80568
0.741215,93996
0.743767,79042
0.746327,79347
0.748896,79048
0.751474,77507
0.754061,76949
0.756656,77014
0.759261,76882
0.761874,81419
0.764497,75788
0.767128,75510
0.769769,74435
0.772419,74438
0.775078,73446
0.777746,73073
0.780423,72514
0.783109,72379
0.785805,71756
0.78851,70783
0.791224,70567
0.793948,70358
0.79668,70018
0.799423,70547
0.802175,68732
0.804936,68702
0.807707,68000
0.810487,67644
0.813277,66705
0.816076,66895
0.818885,66867
0.821704,65974
0.824533,65356
0.827371,65291
0.830219,65191
0.833077,64789
0.835944,63832
0.838822,63520
0.841709,62862
0.844607,62520
0.847514,62153
0.850431,61366
0.853359,61930
0.856296,61250
0.859244,60491
0.862201,60169
0.865169,59080
0.868147,59925
0.871136,59995
0.874135,58953
0.877143,58397
0.880163,57518
0.883193,57907
0.886233,57781
0.889283,57327
0.892344,56727
0.895416,56372
0.898498,56277
0.901591,55621
0.904695,55221
0.907809,54962
0.910934,55379
0.914069,54768
0.917216,54787
0.920373,54001
0.923541,54055
0.92672,53287
0.92991,53454
0.933111,52270
0.936323,52052
0.939546,52210
0.94278,52064
0.946026,51484
0.949282,51733
0.95255,50817
0.955829,50576
0.959119,50638
0.96242,50643
0.965733,50545
0.969057,50155
0.972393,49513
0.97574,50099
0.979099,49852
0.982469,48765
0.985851,48863
0.989245,48278
0.99265,49087
0.996067,48903
0.999495,48318
1.00294,47921
1.00639,48167
1.00985,47269
1.01333,47202
1.01682,47054
1.02032,47699
1.02383,47373
1.02735,46564
1.03089,46801
1.03444,46152
1.038,45409
1.04157,45932
1.04516,46438
1.04876,46132
1.05237,46106
1.05599,45604
1.05962,45273
1.06327,45329
1.06693,45258
1.0706,45202
1.07429,45008
1.07799,44763
1.0817,44643
1.08542,44073
1.08916,44701
1.09291,44988
1.09667,43337
1.10044,44330
1.10423,44717
1.10803,43913
1.11185,43903
1.11567,43855
1.11951,43346
1.12337,43333
1.12723,43937
1.13111,42952
1.13501,43915
1.13891,43235
1.14283,43236
1.14677,43004
1.15072,43065
1.15468,42938
1.15865,42841
1.16264,42544
1.16664,42504
1.17066,42256
1.17469,42678
1.17873,42443
1.18279,42452
1.18686,42307
1.19095,42254
1.19505,42622
1.19916,41942
1.20329,41129
1.20743,41761
1.21158,41856
1.21576,41987
1.21994,41036
1.22414,40937
1.22835,41201
1.23258,41807
1.23682,41289
1.24108,41271
1.24535,40949
1.24964,40703
1.25394,40986
1.25826,40915
1.26259,40833
1.26694,41276
1.2713,40034
1.27567,40206
1.28006,40160
1.28447,40469
1.28889,40280
1.29333,40459
1.29778,40018
1.30225,39920
1.30673,40143
1.31123,38965
1.31574,39824
1.32027,39711
1.32482,40209
1.32938,39682
1.33395,39545
1.33854,39674
1.34315,38996
1.34777,39941
1.35241,39092
1.35707,38919
1.36174,38648
1.36643,38460
1.37113,38387
1.37585,39060
1.38059,38758
1.38534,38616
1.39011,38240
1.39489,38327
1.3997,38229
1.40451,38210
1.40935,38228
1.4142,37881
1.41907,38190
1.42395,37381
1.42885,37656
1.43377,37420
1.43871,36796
1.44366,37450
1.44863,37001
1.45362,37395
1.45862,37055
1.46364,36763
1.46868,36835
1.47373,36024
1.47881,36391
1.4839,36327
1.48901,35950
1.49413,35941
1.49927,36408
1.50443,35895
1.50961,35917
1.51481,35300
1.52002,35937
1.52526,35396
1.53051,35038
1.53577,34716
1.54106,34914
1.54637,35326
1.55169,34334
1.55703,34530
1.56239,34330
1.56777,34694
1.57316,34118
1.57858,34114
1.58401,34390
1.58947,33418
1.59494,33690
1.60043,33539
1.60594,33198
1.61146,33377
1.61701,33315
1.62258,33193
1.62816,32826
1.63377,32831
1.63939,32979
1.64503,32385
1.6507,32657
1.65638,32243
1.66208,31933
1.6678,31718
1.67354,31763
1.6793,31848
1.68508,31738
1.69088,31927
1.69671,31888
1.70255,30709
1.70841,30899
1.71429,30815
1.72019,30264
1.72611,30596
1.73205,30286
1.73801,29875
1.744,29810
1.75,30175
1.75602,29880
1.76207,29883
1.76813,29113
1.77422,29668
1.78033,29132
1.78645,29503
1.7926,29135
1.79877,28905
1.80497,28520
1.81118,28920
1.81741,28056
1.82367,28411
1.82995,28237
1.83625,28417
1.84257,27993
1.84891,28024
1.85527,27324
1.86166,27713
1.86807,27469
1.8745,27331
1.88095,27060
1.88743,26828
1.89392,26897
1.90044,26403
1.90698,26451
1.91355,26637
1.92014,26658
1.92674,26120
1.93338,25868
1.94003,26047
1.94671,25938
1.95341,25803
1.96014,25464
1.96688,25936
1.97365,25489
1.98045,25340
1.98726,25187
1.9941,25194
2.00097,24891
2.00786,24463
2.01477,24799
2.0217,24637
2.02866,24684
2.03565,24366
2.04265,24061
2.04968,24479
2.05674,24272
2.06382,23650
2.07092,23733
2.07805,23631
2.08521,23808
2.09238,23516
2.09959,22826
2.10681,23085
2.11406,22465
2.12134,22871
2.12864,23087
2.13597,22859
2.14332,22514
2.1507,22711
2.1581,22384
2.16553,22284
2.17299,22644
2.18047,21842
2.18797,22113
2.19551,22173
2.20306,21652
2.21065,21661
2.21826,21040
2.22589,21777
2.23355,21579
2.24124,21716
2.24896,21446
2.2567,20990
2.26447,21236
2.27226,20762
2.28008,20905
2.28793,20656
2.29581,20871
2.30371,20451
2.31164,20304
2.3196,20264
2.32758,20023
2.33559,20132
2.34363,19908
2.3517,20105
2.3598,19720
2.36792,19823
2.37607,19930
2.38425,19483
2.39245,19331
2.40069,19218
2.40895,19366
2.41725,19097
2.42557,19392
2.43392,19017
2.44229,18971
2.4507,18831
2.45914,18768
2.4676,18480
2.4761,18494
2.48462,18289
2.49317,18568
2.50175,18367
2.51037,18282
2.51901,18000
2.52768,17690
2.53638,17857
2.54511,18007
2.55387,18059
2.56266,17706
2.57148,17586
2.58033,17824
2.58922,17462
2.59813,17332
2.60707,17377
2.61605,16555
2.62505,17373
2.63409,17086
2.64315,16948
2.65225,17100
2.66138,16858
2.67054,16685
2.67974,16496
2.68896,16444
2.69822,16499
2.7075,16437
2.71682,16475
2.72618,16503
2.73556,16267
2.74498,15839
2.75443,15773
2.76391,15758
2.77342,15994
2.78297,15958
2.79255,15659
2.80216,15479
2.81181,15714
2.82148,15472
2.8312,15320
2.84094,15544
2.85072,15254
2.86053,15328
2.87038,15160
2.88026,15214
2.89018,14971
2.90012,14997
2.91011,14994
2.92013,14724
2.93018,14818
2.94026,14772
2.95038,14217
2.96054,14255
2.97073,14543
2.98096,14352
2.99122,14044
3.00151,14160
3.01185,14046
3.02221,13977
3.03262,14209
3.04306,14115
3.05353,13822
3.06404,13654
3.07459,13370
3.08517,13859
3.09579,13850
3.10645,13647
3.11714,13364
3.12787,13524
3.13864,13319
3.14944,13334
3.16028,13295
3.17116,13243
3.18208,13169
3.19303,13063
3.20402,13243
3.21505,12923
3.22612,12577
3.23722,13084
3.24837,12702
3.25955,12820
3.27077,12632
3.28203,12548
3.29332,12448
3.30466,12656
3.31604,12618
3.32745,12366
3.3389,12223
3.3504,12134
3.36193,12088
3.3735,12041
3.38512,12464
3.39677,12327
3.40846,11952
3.42019,11941
3.43197,11890
3.44378,11920
3.45563,11840
3.46753,11538
3.47947,11646
3.49144,11347
3.50346,11491
3.51552,11516
3.52762,11439
3.53976,11421
3.55195,11316
3.56418,11211
3.57644,11064
3.58876,10993
3.60111,11102
3.6135,10769
3.62594,11039
3.63842,10766
3.65095,10830
3.66352,10991
3.67613,10507
3.68878,10556
3.70148,10655
3.71422,10364
3.72701,10681
3.73983,10227
3.75271,10065
3.76563,10328
3.77859,10258
3.79159,10254
3.80465,10175
3.81774,10161
3.83088,10228
3.84407,10003
3.8573,9923
3.87058,10059
3.8839,9789
3.89727,9779
3.91069,9661
3.92415,9787
3.93766,9760
3.95121,9691
3.96481,9496
3.97846,9483
3.99216,9421
4.0059,9447
4.01969,9418
4.03352,9370
4.04741,9306
4.06134,9344
4.07532,9233
4.08935,9476
4.10342,9261
4.11755,9326
4.13172,9083
4.14595,8869
4.16022,8849
4.17454,8860
4.18891,8992
4.20333,8970
4.21779,8726
4.23231,8750
4.24688,8614
4.2615,8568
4.27617,8640
4.29089,8402
4.30566,8457
4.32048,8529
4.33535,8663
4.35028,8374
4.36525,8373
4.38028,8326
4.39535,8213
4.41048,8193
4.42567,8142
4.4409,8180
4.45619,8137
4.47153,8140
4.48692,7931
4.50236,7977
4.51786,7932
4.53341,7798
4.54902,7777
4.56468,7798
4.58039,7902
4.59616,7570
4.61198,7648
4.62785,7483
4.64378,7432
4.65977,7384
4.67581,7375
4.6919,7341
4.70805,7299
4.72426,7337
4.74052,7459
4.75684,7325
4.77321,7287
4.78964,7306
4.80613,7144
4.82268,7189
4.83928,7068
4.85593,7232
4.87265,7108
4.88942,7097
4.90625,7054
4.92314,6933
4.94009,6863
4.95709,6987
4.97416,7113
4.99128,6922
5.00846,6767
5.0257,6954
5.043,6842
5.06036,6642
5.07778,6722
5.09526,6399
5.11279,6585
5.13039,6451
5.14805,6410
5.16578,6387
5.18356,6407
5.2014,6388
5.2193,6468
5.23727,6102
5.2553,6481
5.27339,6061
5.29154,6168
5.30976,6373
5.32803,6264
5.34637,5971
5.36478,6090
5.38324,6107
5.40177,6056
5.42037,5974
5.43903,6102
5.45775,5894
5.47653,5799
5.49539,5835
5.5143,5494
5.53328,5711
5.55233,5694
5.57144,5643
5.59062,5765
5.60987,5769
5.62918,5504
5.64855,5663
5.668,5526
5.68751,5388
5.70708,5594
5.72673,5553
5.74644,5540
5.76622,5444
5.78607,5507
5.80599,5310
5.82597,5432
5.84603,5268
5.86615,5404
5.88634,5178
5.90661,5061
5.92694,5145
5.94734,5152
5.96781,4997
5.98836,4956
6.00897,5041
6.02965,5034
6.05041,4898
6.07124,4747
6.09213,4790
6.1131,4938
6.13415,4748
6.15526,4769
6.17645,4829
6.19771,4599
6.21904,4609
6.24045,4744
6.26193,4530
6.28349,4606
6.30512,4551
6.32682,4561
6.3486,4493
6.37045,4459
6.39238,4422
6.41439,4347
6.43647,4309
6.45862,4307
6.48085,4403
6.50316,4325
6.52555,4392
6.54801,4215
6.57055,4314
6.59317,4173
6.61586,4095
6.63863,4226
6.66149,4148
6.68442,4127
6.70743,4008
6.73051,3931
6.75368,3942
6.77693,3967
6.80026,4010
6.82367,3872
6.84715,3910
6.87072,3843
6.89437,3837
6.91811,3836
6.94192,3702
6.96582,3724
6.98979,3736
7.01385,3702
7.038,3579
7.06222,3487
7.08653,3581
7.11093,3532
7.13541,3500
7.15997,3495
7.18461,3511
7.20934,3529
7.23416,3406
7.25906,3479
7.28405,3318
7.30912,3332
7.33428,3122
7.35953,3362
7.38486,3210
7.41028,3198
7.43579,3103
7.46139,3126
7.48707,3111
7.51284,3074
7.5387,3105
7.56465,3049
7.59069,3086
7.61682,2951
7.64304,2950
7.66935,2921
7.69575,2833
7.72224,2836
7.74882,2821
7.77549,2775
7.80226,2774
7.82912,2684
7.85607,2721
7.88311,2583
7.91024,2721
7.93747,2572
7.96479,2476
7.99221,2522
8.01972,2586
8.04733,2549
8.07503,2468
8.10283,2471
8.13072,2457
8.1587,2369
8.18679,2362
8.21497,2216
8.24325,2345
8.27162,2225
8.3001,2200
8.32867,2234
8.35734,2251
8.3861,2140
8.41497,2142
8.44394,2079
8.473,2068
8.50217,1983
8.53143,1952
8.5608,1920
8.59027,1885
8.61984,1884
8.64951,1845
8.67928,1898
8.70916,1800
8.73914,1818
8.76922,1767
8.79941,1763
8.8297,1770
8.86009,1617
8.89059,1654
8.92119,1644
8.9519,1695
8.98272,1613
9.01364,1578
9.04466,1533
9.0758,1543
9.10704,1510
9.13839,1478
9.16984,1404
9.20141,1405
9.23308,1403
9.26486,1428
9.29676,1293
9.32876,1302
9.36087,1333
9.39309,1241
9.42542,1302
9.45787,1230
9.49042,1197
9.52309,1171
9.55587,1141
9.58877,1131
9.62177,1173
9.65489,1030
9.68813,1091
9.72148,1061
9.75494,1034
9.78852,1026
9.82221,1000
9.85602,954
9.88995,915
9.92399,948
9.95816,922
9.99243,882
10.0268,896
10.0613,859
10.096,783
10.1307,868
10.1656,859
10.2006,778
10.2357,787
10.2709,705
10.3063,706
10.3418,733
10.3774,660
10.4131,690
10.4489,659
10.4849,718
10.521,681
10.5572,563
10.5936,644
10.63,648
10.6666,648
10.7033,569
10.7402,542
10.7771,523
10.8142,514
10.8515,519
10.8888,483
10.9263,486
10.9639,466
11.0016,478
11.0395,464
11.0775,430
11.1156,439
11.1539,404
11.1923,379
11.2308,359
11.2695,406
11.3083,355
11.3472,406
11.3863,371
11.4255,354
11.4648,327
11.5043,350
11.5439,329
11.5836,351
11.6235,281
11.6635,319
11.7036,290
11.7439,270
11.7843,288
11.8249,255
11.8656,237
11.9065,253
11.9474,216
11.9886,248
12.0298,212
12.0712,229
12.1128,212
12.1545,194
12.1963,209
12.2383,205
12.2804,192
12.3227,181
12.3651,208
12.4077,180
12.4504,170
12.4933,161
12.5363,148
12.5794,176
12.6227,154
12.6662,161
12.7098,164
12.7535,118
12.7974,143
12.8415,119
12.8857,126
12.93,120
12.9745,149
13.0192,118
13.064,104
13.109,107
13.1541,112
13.1994,109
13.2448,83
13.2904,81
13.3362,116
13.3821,103
13.4281,85
13.4743,85
13.5207,74
13.5673,68
13.614,89
13.6608,71
13.7079,77
13.755,67
13.8024,62
13.8499,61
13.8976,57
13.9454,65
13.9934,58
14.0416,53
14.0899,54
14.1384,39
14.1871,32
14.2359,36
14.2849,42
14.3341,32
14.3834,43
14.433,48
14.4826,49
14.5325,45
14.5825,43
14.6327,41
14.6831,35
14.7336,38
14.7843,40
14.8352,34
14.8863,32
14.9375,23
14.989,25
15.0406,33
15.0923,29
15.1443,21
15.1964,25
15.2487,27
15.3012,23
15.3539,22
15.4067,20
15.4598,21
15.513,17
15.5664,11
15.62,14
15.6737,19
15.7277,9
15.7818,11
15.8361,17
15.8907,11
15.9454,15
16.0002,20
16.0553,13
16.1106,12
16.166,11
16.2217,9
16.2775,10
16.3336,14
16.3898,8
16.4462,8
16.5028,8
16.5596,7
16.6166,4
16.6738,5
16.7312,4
16.7888,7
16.8466,5
16.9046,6
16.9628,9
17.0212,7
17.0798,3
17.1385,6
17.1975,5
17.2567,10
17.3161,5
17.3757,4
17.4356,1
17.4956,7
17.5558,4
17.6162,5
17.6769,5
17.7377,5
17.7988,4
17.86,6
17.9215,2
17.9832,2
18.0451,4
18.1072,5
18.1696,4
18.2321,2
18.2949,2
18.3578,4
18.421,0
18.4844,2
18.5481,4
18.6119,0
18.676,3
18.7403,4
18.8048,2
18.8695,4
18.9345,2
18.9996,3
19.065,3
19.1307,1
19.1965,0
19.2626,2
19.3289,0
19.3954,1
19.4622,1
19.5292,0
19.5964,0
19.6639,0
19.7316,0
19.7995,0
19.8676,2
19.936,0
20.0046,0
20.0735,1
20.1426,1
20.2119,1
20.2815,0
20.3513,0
20.4214,1
20.4917,0
20.5622,1
20.633,0
20.704,0
20.7753,0
20.8468,0
20.9186,1
20.9906,0
21.0628,0
21.1353,0
21.2081,0
21.2811,0
21.3543,0
21.4278,0
21.5016,1
21.5756,0
21.6499,0
21.7244,0
21.7992,0
21.8742,0
21.9495,0
22.0251,0
22.1009,0
22.177,0
22.2533,0
22.3299,0
22.4068,0
22.4839,1
22.5613,0
22.6389,0
22.7169,0
22.7951,0
22.8735,0
22.9523,1
23.0313,0
23.1106,0
23.1901,0
23.2699,0
23.35,0
23.4304,0
23.5111,0
23.592,0
23.6732,0
23.7547,0
23.8365,0
23.9185,0
24.0008,0
24.0835,0
24.1664,0
24.2496,0
24.333,0
24.4168,0
24.5008,0
24.5852,0
24.6698,0
24.7547,0
24.8399,0
24.9254,0
25.0112,0
25.0973,0
25.1837,0
25.2704,0
25.3574,0
25.4447,0
25.5323,0
25.6202,0
25.7083,0
25.7968,0
25.8856,0
25.9747,0
26.0641,0
26.1539,0
26.2439,0
26.3342,0
26.4249,0
26.5158,0
26.6071,0
26.6987,0
26.7906,0
26.8828,0
26.9754,0
27.0682,0
27.1614,0
27.2549,0
27.3487,0
27.4428,0
27.5373,0
27.6321,0
27.7272,0
27.8227,0
27.9184,0
28.0145,0
28.111,0
28.2077,0
28.3048,0
28.4023,0
28.5,0
28.5981,0
28.6966,0
28.7954,0
28.8945,0
28.9939,0
29.0937,0
29.1939,0
29.2944,0
29.3952,0
29.4964,0
29.5979,0
29.6998,0
29.802,0
29.9046,0
30.0076,0
30.1109,0
30.2145,0
30.3185,0
30.4229,0
30.5276,0
30.6327,0
30.7381,0
30.8439,0
30.9501,0
31.0566,0
31.1636,0
31.2708,0
31.3785,0
31.4865,0
31.5949,0
31.7036,0
31.8128,0
31.9223,0
32.0321,0
32.1424,0
32.253,0
32.3641,0
32.4755,0
32.5873,0
32.6994,0
32.812,0
32.9249,0
33.0383,0
33.152,0
33.2661,0
33.3806,0
33.4955,0
33.6108,0
33.7265,0
33.8426,0
33.9591,0
34.076,0
34.1933,0
34.311,0
34.4291,0
34.5476,0
34.6665,0
34.7859,0
34.9056,0
35.0258,0
35.1463,0
35.2673,0
35.3887,0
35.5105,0
35.6328,0
35.7554,0
35.8785,0
36.002,0
36.1259,0
36.2503,0
36.3751,0
36.5003,0
36.6259,0
36.752,0
36.8785,0
37.0054,0
37.1328,0
37.2606,0
37.3889,0
37.5176,0
37.6468,0
37.7763,0
37.9064,0
38.0369,0
38.1678,0
38.2992,0
38.431,0
38.5633,0
38.696,0
38.8292,0
38.9629,0
39.097,0
39.2316,0
39.3666,0
39.5022,0
39.6381,0
39.7746,0
39.9115,0
40.0489,0
40.1867,0
40.3251,0
40.4639,0
40.6032,0
40.7429,0
40.8832,0
41.0239,0
41.1651,0
41.3068,0
41.449,0
41.5917,0
41.7348,0
41.8785,0
42.0227,0
42.1673,0
42.3125,0
42.4581,0
42.6043,0
42.7509,0
42.8981,0
43.0457,0
43.1939,0
43.3426,0
43.4918,0
43.6415,0
43.7917,0
43.9425,0
44.0937,0
44.2455,0
44.3978,0
44.5506,0
44.704,0
44.8579,0
45.0123,0
45.1672,0
45.3227,0
45.4787,0
45.6353,0
45.7923,0
45.95,0
46.1081,0
46.2669,0
46.4261,0
46.5859,0
46.7463,0
46.9072,0
47.0687,0
47.2307,0
47.3933,0
47.5564,0
47.7201,0
47.8844,0
48.0492,0
48.2146,0
48.3806,0
48.5471,0
48.7142,0
48.8819,0
49.0501,0
49.219,0
49.3884,0
49.5584,0
49.729,0
49.9002,0
50.072,0
50.2443,0
50.4173,0
50.5908,0
50.765,0
50.9397,0
51.1151,0
51.291,0
51.4676,0
51.6447,0
51.8225,0
52.0009,0
52.1799,0
52.3595,0
52.5397,0
52.7206,0
52.9021,0
53.0842,0
53.2669,0
53.4502,0
53.6342,0
53.8188,0
54.0041,0
54.19,0
54.3765,0
54.5637,0
54.7515,0
54.94,0
55.1291,0
55.3189,0
55.5093,0
55.7004,0
55.8921,0
56.0845,0
56.2776,0
56.4713,0
56.6657,0
56.8607,0
57.0565,0
57.2529,0
57.4499,0
57.6477,0
57.8461,0
58.0452,0
58.245,0
58.4455,0
58.6467,0
58.8486,0
59.0512,0
59.2544,0
59.4584,0
59.6631,0
59.8684,0
60.0745,0
60.2813,0
60.4888,0
60.697,0
60.906,0
61.1156,0
61.326,0
61.5371,0
61.7489,0
61.9615,0
62.1748,0
62.3888,0
62.6035,0
62.819,0
63.0353,0
63.2522,0
63.47,0
63.6885,0
63.9077,0
64.1277,0
64.3484,0
64.5699,0
64.7922,0
65.0152,0
65.239,0
65.4636,0
65.6889,0
65.915,0
66.1419,0
66.3696,0
66.5981,0
66.8273,0
67.0573,0
67.2882,0
67.5198,0
67.7522,0
67.9854,0
68.2194,0
68.4543,0
68.6899,0
68.9264,0
69.1636,0
69.4017,0
69.6406,0
69.8803,0
70.1209,0
70.3622,0
70.6044,0
70.8475,0
71.0913,0
71.336,0
71.5816,0
71.828,0
72.0753,0
72.3234,0
72.5723,0
72.8221,0
73.0728,0
73.3243,0
73.5767,0
73.83,0
74.0841,0
74.3391,0
74.595,0
74.8518,0
75.1095,0
75.368,0
75.6274,0
75.8878,0
76.149,0
76.4111,0
76.6741,0
76.9381,0
77.2029,0
77.4687,0
77.7353,0
78.0029,0
78.2714,0
78.5408,0
78.8112,0
79.0825,0
79.3547,0
79.6279,0
79.902,0
80.177,0
80.453,0
80.7299,0
81.0078,0
81.2867,0
81.5665,0
81.8472,0
82.129,0
82.4117,0
82.6954,0
82.98,0
83.2656,0
83.5523,0
83.8399,0
84.1285,0
84.4181,0
84.7086,0
85.0002,0
85.2928,0
85.5864,0
85.881,0
86.1767,0
86.4733,0
86.771,0
87.0696,0
87.3693,0
87.6701,0
87.9719,0
88.2747,0
88.5786,0
88.8835,0
89.1894,0
89.4964,0
89.8045,0
90.1136,0
90.4238,0
90.7351,0
91.0474,0
91.3608,0
91.6753,0
91.9909,0
92.3075,0
92.6253,0
92.9441,0
93.264,0
93.5851,0
93.9072,0
94.2305,0
94.5548,0
94.8803,0
95.2069,0
95.5346,0
95.8635,0
96.1935,0
96.5246,0
96.8568,0
97.1902,0
97.5248,0
97.8605,0
98.1974,0
98.5354,0
98.8746,0
99.2149,0
99.5564,0
99.8991,0
100.243,0
100.588,0
100.934,0
101.282,0
101.63,0
101.98,0
102.331,0
102.684,0
103.037,0
103.392,0
103.748,0
104.105,0
104.463,0
104.823,0
105.183,0
105.545,0
105.909,0
106.273,0
106.639,0
107.006,0
107.375,0
107.744,0
108.115,0
108.487,0
108.861,0
109.235,0
109.611,0
109.989,0
110.367,0
110.747,0
111.128,0
111.511,0
111.895,0
112.28,0
112.666,0
113.054,0
113.443,0
113.834,0
114.226,0
114.619,0
115.014,0
115.409,0
115.807,0
116.205,0
116.605,0
117.007,0
117.41,0
117.814,0
118.219,0
118.626,0
119.034,0
119.444,0
119.855,0
120.268,0
120.682,0
121.097,0
121.514,0
121.932,0
122.352,0
122.773,0
123.196,0
123.62,0
124.046,0
124.473,0
124.901,0
125.331,0
125.762,0
126.195,0
126.63,0
127.066,0
127.503,0
127.942,0
128.382,0
128.824,0
129.268,0
129.713,0
130.159,0
130.607,0
131.057,0
131.508,0
131.961,0
132.415,0
132.871,0
133.328,0
133.787,0
134.247,0
134.709,0
135.173,0
135.638,0
136.105,0
136.574,0
137.044,0
137.516,0
137.989,0
138.464,0
138.941,0
139.419,0
139.899,0
140.38,0
140.864,0
141.349,0
141.835,0
142.323,0
142.813,0
143.305,0
143.798,0
144.293,0
144.79,0
145.288,0
145.788,0
146.29,0
146.794,0
147.299,0
147.806,0
148.315,0
148.825,0
149.338,0
149.852,0
150.368,0
150.885,0
151.405,0
151.926,0
152.449,0
152.973,0
153.5,0
154.028,0
154.559,0
155.091,0
155.624,0
156.16,0
156.698,0
157.237,0
157.778,0
158.321,0
158.866,0
159.413,0
159.962,0
160.513,0
161.065,0
161.62,0
162.176,0
162.734,0
163.294,0
163.856,0
164.42,0
164.986,0
165.554,0
166.124,0
166.696,0
167.27,0
167.846,0
168.423,0
169.003,0
169.585,0
170.169,0
170.754,0
171.342,0
171.932,0
172.524,0
173.118,0
173.714,0
174.312,0
174.912,0
175.514,0
176.118,0
176.724,0
177.332,0
177.943,0
178.555,0
179.17,0
179.787,0
180.406,0
181.027,0
181.65,0
182.275,0
182.902,0
183.532,0
184.164,0
184.798,0
185.434,0
186.072,0
186.713,0
187.355,0
188,0
188.647,0
189.297,0
189.948,0
190.602,0
191.258,0
191.917,0
192.577,0
193.24,0
193.905,0
194.573,0
195.243,0
195.915,0
196.589,0
197.266,0
197.945,0
198.626,0
199.31,0
199.996,0
200.684,0
201.375,0
202.068,0
202.764,0
203.462,0
204.162,0
204.865,0
205.57,0
206.278,0
206.988,0
207.7,0
208.415,0
209.133,0
209.853,0
210.575,0
211.3,0
212.027,0
212.757,0
213.489,0
214.224,0
214.962,0
215.702,0
216.444,0
217.189,0
217.937,0
218.687,0
219.44,0
220.195,0
220.953,0
221.714,0
222.477,0
223.243,0
224.011,0
224.782,0
225.556,0
226.332,0
227.111,0
227.893,0
228.678,0
229.465,0
230.255,0
231.047,0
231.843,0
232.641,0
233.441,0
234.245,0
235.051,0
235.86,0
236.672,0
237.487,0
238.304,0
239.125,0
239.948,0
240.774,0
241.603,0
242.434,0
243.269,0
244.106,0
244.946,0
245.79,0
246.636,0
247.485,0
248.337,0
249.191,0
250.049,0
250.91,0
251.774,0
252.64,0
253.51,0
254.383,0
255.258,0
256.137,0
257.019,0
257.903,0
258.791,0
259.682,0
260.576,0
261.473,0
262.373,0
263.276,0
264.182,0
265.092,0
266.004,0
266.92,0
267.838,0
268.76,0
269.686,0
270.614,0
271.545,0
272.48,0
273.418,0
274.359,0
275.304,0
276.251,0
277.202,0
278.156,0
279.114,0
280.075,0
281.039,0
282.006,0
282.977,0
283.951,0
284.928,0
285.909,0
286.893,0
287.881,0
288.872,0
289.866,0
290.864,0
291.865,0
292.87,0
293.878,0
294.89,0
295.905,0
296.923,0
297.945,0
298.971,0
300,
